algo,pivot,neighborhood,sol_start,ils_perturb_rate,ils_n_try,ils_worst,instance,best_known_cost,cost,elapsed_seconds,solution
ils,first,['exchange'],c_and_w,0.2,10,0,N-be75eec_150,3482828,3391020,0.274675,
ils,first,['exchange'],c_and_w,0.2,10,0,N-be75eec_150,3482828,3408332,0.711271,
ils,first,['exchange'],c_and_w,0.2,10,0,N-be75eec_150,3482828,3411548,0.936713,
ils,first,['exchange'],c_and_w,0.2,10,0,N-be75eec_150,3482828,3415392,1.162459,
ils,first,['exchange'],c_and_w,0.2,10,0,N-be75eec_150,3482828,3421041,2.462489,
ils,first,['exchange'],c_and_w,0.2,10,0,N-be75eec_150,3482828,3423362,2.892971,
ils,first,['exchange'],c_and_w,0.2,10,0,N-be75eec_150,3482828,3428323,3.834341,
ils,first,['exchange'],c_and_w,0.2,10,0,N-be75eec_150,3482828,3428857,6.078043,
ils,first,['exchange'],c_and_w,0.2,10,0,N-be75eec_150,3482828,3428857,8.247177,
ils,first,['exchange'],c_and_w,0.2,10,10,N-be75eec_150,3482828,3391020,0.264072,
ils,first,['exchange'],c_and_w,0.2,10,10,N-be75eec_150,3482828,3408332,0.695521,
ils,first,['exchange'],c_and_w,0.2,10,10,N-be75eec_150,3482828,3411548,0.929104,
ils,first,['exchange'],c_and_w,0.2,10,10,N-be75eec_150,3482828,3415392,1.153035,
ils,first,['exchange'],c_and_w,0.2,10,10,N-be75eec_150,3482828,3421041,2.478477,
ils,first,['exchange'],c_and_w,0.2,10,10,N-be75eec_150,3482828,3423362,2.901996,
ils,first,['exchange'],c_and_w,0.2,10,10,N-be75eec_150,3482828,3428323,3.85374,
ils,first,['exchange'],c_and_w,0.2,10,10,N-be75eec_150,3482828,3428857,6.183539,
ils,first,['exchange'],c_and_w,0.2,10,10,N-be75eec_150,3482828,3428857,8.389902,
ils,first,['exchange'],c_and_w,0.2,100,0,N-be75eec_150,3482828,3391020,0.258603,
ils,first,['exchange'],c_and_w,0.2,100,0,N-be75eec_150,3482828,3408332,0.736839,
ils,first,['exchange'],c_and_w,0.2,100,0,N-be75eec_150,3482828,3411548,0.956405,
ils,first,['exchange'],c_and_w,0.2,100,0,N-be75eec_150,3482828,3415392,1.1758,
ils,first,['exchange'],c_and_w,0.2,100,0,N-be75eec_150,3482828,3421041,2.539358,
ils,first,['exchange'],c_and_w,0.2,100,0,N-be75eec_150,3482828,3423362,2.964748,
ils,first,['exchange'],c_and_w,0.2,100,0,N-be75eec_150,3482828,3428323,3.912992,
ils,first,['exchange'],c_and_w,0.2,100,0,N-be75eec_150,3482828,3428857,6.1183,
ils,first,['exchange'],c_and_w,0.2,100,0,N-be75eec_150,3482828,3429544,11.613082,
ils,first,['exchange'],c_and_w,0.2,100,0,N-be75eec_150,3482828,3431842,15.398396,
ils,first,['exchange'],c_and_w,0.2,100,0,N-be75eec_150,3482828,3437933,21.004314,
ils,first,['exchange'],c_and_w,0.2,100,0,N-be75eec_150,3482828,3438361,26.562658,
ils,first,['exchange'],c_and_w,0.2,100,0,N-be75eec_150,3482828,3438949,33.806664,
ils,first,['exchange'],c_and_w,0.2,100,0,N-be75eec_150,3482828,3438949,59.27063,
ils,first,['exchange'],c_and_w,0.2,100,10,N-be75eec_150,3482828,3391020,0.273317,
ils,first,['exchange'],c_and_w,0.2,100,10,N-be75eec_150,3482828,3408332,0.738698,
ils,first,['exchange'],c_and_w,0.2,100,10,N-be75eec_150,3482828,3411548,0.975149,
ils,first,['exchange'],c_and_w,0.2,100,10,N-be75eec_150,3482828,3415392,1.200034,
ils,first,['exchange'],c_and_w,0.2,100,10,N-be75eec_150,3482828,3421041,2.52866,
ils,first,['exchange'],c_and_w,0.2,100,10,N-be75eec_150,3482828,3423362,2.952935,
ils,first,['exchange'],c_and_w,0.2,100,10,N-be75eec_150,3482828,3428323,3.944158,
ils,first,['exchange'],c_and_w,0.2,100,10,N-be75eec_150,3482828,3428857,6.196122,
ils,first,['exchange'],c_and_w,0.2,100,10,N-be75eec_150,3482828,3429544,11.732328,
ils,first,['exchange'],c_and_w,0.2,100,10,N-be75eec_150,3482828,3431842,15.511883,
ils,first,['exchange'],c_and_w,0.2,100,10,N-be75eec_150,3482828,3437933,20.982376,
ils,first,['exchange'],c_and_w,0.2,100,10,N-be75eec_150,3482828,3438361,26.503283,
ils,first,['exchange'],c_and_w,0.2,100,10,N-be75eec_150,3482828,3438949,33.619434,
ils,first,['exchange'],c_and_w,0.2,100,10,N-be75eec_150,3482828,3438949,58.479362,
ils,first,['exchange'],c_and_w,0.5,10,0,N-be75eec_150,3482828,3382794,0.294153,
ils,first,['exchange'],c_and_w,0.5,10,0,N-be75eec_150,3482828,3407464,0.63509,
ils,first,['exchange'],c_and_w,0.5,10,0,N-be75eec_150,3482828,3416701,1.333548,
ils,first,['exchange'],c_and_w,0.5,10,0,N-be75eec_150,3482828,3416701,4.670496,
ils,first,['exchange'],c_and_w,0.5,10,10,N-be75eec_150,3482828,3382794,0.294999,
ils,first,['exchange'],c_and_w,0.5,10,10,N-be75eec_150,3482828,3407464,0.623722,
ils,first,['exchange'],c_and_w,0.5,10,10,N-be75eec_150,3482828,3416701,1.370514,
ils,first,['exchange'],c_and_w,0.5,10,10,N-be75eec_150,3482828,3416701,4.729612,
ils,first,['exchange'],c_and_w,0.5,100,0,N-be75eec_150,3482828,3382794,0.316353,
ils,first,['exchange'],c_and_w,0.5,100,0,N-be75eec_150,3482828,3407464,0.653874,
ils,first,['exchange'],c_and_w,0.5,100,0,N-be75eec_150,3482828,3416701,1.366587,
ils,first,['exchange'],c_and_w,0.5,100,0,N-be75eec_150,3482828,3417870,9.49011,
ils,first,['exchange'],c_and_w,0.5,100,0,N-be75eec_150,3482828,3419647,12.945225,
ils,first,['exchange'],c_and_w,0.5,100,0,N-be75eec_150,3482828,3421054,16.663391,
ils,first,['exchange'],c_and_w,0.5,100,0,N-be75eec_150,3482828,3424877,19.141146,
ils,first,['exchange'],c_and_w,0.5,100,0,N-be75eec_150,3482828,3425495,23.526253,
ils,first,['exchange'],c_and_w,0.5,100,0,N-be75eec_150,3482828,3427104,45.703365,
ils,first,['exchange'],c_and_w,0.5,100,0,N-be75eec_150,3482828,3427104,82.78891,
ils,first,['exchange'],c_and_w,0.5,100,10,N-be75eec_150,3482828,3382794,0.282725,
ils,first,['exchange'],c_and_w,0.5,100,10,N-be75eec_150,3482828,3407464,0.625504,
ils,first,['exchange'],c_and_w,0.5,100,10,N-be75eec_150,3482828,3416701,1.341884,
ils,first,['exchange'],c_and_w,0.5,100,10,N-be75eec_150,3482828,3417870,9.28218,
ils,first,['exchange'],c_and_w,0.5,100,10,N-be75eec_150,3482828,3419647,12.647227,
ils,first,['exchange'],c_and_w,0.5,100,10,N-be75eec_150,3482828,3421054,16.238216,
ils,first,['exchange'],c_and_w,0.5,100,10,N-be75eec_150,3482828,3424877,18.669592,
ils,first,['exchange'],c_and_w,0.5,100,10,N-be75eec_150,3482828,3425495,22.929537,
ils,first,['exchange'],c_and_w,0.5,100,10,N-be75eec_150,3482828,3427104,44.794975,
ils,first,['exchange'],c_and_w,0.5,100,10,N-be75eec_150,3482828,3427104,80.854782,
ils,first,['exchange'],c_and_w,0.8,10,0,N-be75eec_150,3482828,3388288,0.782361,
ils,first,['exchange'],c_and_w,0.8,10,0,N-be75eec_150,3482828,3415293,1.152416,
ils,first,['exchange'],c_and_w,0.8,10,0,N-be75eec_150,3482828,3415907,2.17155,
ils,first,['exchange'],c_and_w,0.8,10,0,N-be75eec_150,3482828,3415907,5.773561,
ils,first,['exchange'],c_and_w,0.8,10,10,N-be75eec_150,3482828,3388288,0.77021,
ils,first,['exchange'],c_and_w,0.8,10,10,N-be75eec_150,3482828,3415293,1.145364,
ils,first,['exchange'],c_and_w,0.8,10,10,N-be75eec_150,3482828,3415907,2.152529,
ils,first,['exchange'],c_and_w,0.8,10,10,N-be75eec_150,3482828,3415907,5.79019,
ils,first,['exchange'],c_and_w,0.8,100,0,N-be75eec_150,3482828,3388288,0.752415,
ils,first,['exchange'],c_and_w,0.8,100,0,N-be75eec_150,3482828,3415293,1.131202,
ils,first,['exchange'],c_and_w,0.8,100,0,N-be75eec_150,3482828,3415907,2.174342,
ils,first,['exchange'],c_and_w,0.8,100,0,N-be75eec_150,3482828,3416664,10.205827,
ils,first,['exchange'],c_and_w,0.8,100,0,N-be75eec_150,3482828,3427398,15.282709,
ils,first,['exchange'],c_and_w,0.8,100,0,N-be75eec_150,3482828,3427398,53.449005,
ils,first,['exchange'],c_and_w,0.8,100,10,N-be75eec_150,3482828,3388288,0.751052,
ils,first,['exchange'],c_and_w,0.8,100,10,N-be75eec_150,3482828,3415293,1.120522,
ils,first,['exchange'],c_and_w,0.8,100,10,N-be75eec_150,3482828,3415907,2.133688,
ils,first,['exchange'],c_and_w,0.8,100,10,N-be75eec_150,3482828,3416664,9.958458,
ils,first,['exchange'],c_and_w,0.8,100,10,N-be75eec_150,3482828,3427398,14.998086,
ils,first,['exchange'],c_and_w,0.8,100,10,N-be75eec_150,3482828,3427398,52.720482,
ils,first,['exchange'],random,0.2,10,0,N-be75eec_150,3482828,3401171,0.236244,
ils,first,['exchange'],random,0.2,10,0,N-be75eec_150,3482828,3416633,0.519187,
ils,first,['exchange'],random,0.2,10,0,N-be75eec_150,3482828,3418192,0.768527,
ils,first,['exchange'],random,0.2,10,0,N-be75eec_150,3482828,3427149,2.458146,
ils,first,['exchange'],random,0.2,10,0,N-be75eec_150,3482828,3427149,5.024442,
ils,first,['exchange'],random,0.2,10,10,N-be75eec_150,3482828,3401171,0.212631,
ils,first,['exchange'],random,0.2,10,10,N-be75eec_150,3482828,3416633,0.507133,
ils,first,['exchange'],random,0.2,10,10,N-be75eec_150,3482828,3418192,0.741262,
ils,first,['exchange'],random,0.2,10,10,N-be75eec_150,3482828,3427149,2.42086,
ils,first,['exchange'],random,0.2,10,10,N-be75eec_150,3482828,3427149,5.03173,
ils,first,['exchange'],random,0.2,100,0,N-be75eec_150,3482828,3401171,0.221339,
ils,first,['exchange'],random,0.2,100,0,N-be75eec_150,3482828,3416633,0.527878,
ils,first,['exchange'],random,0.2,100,0,N-be75eec_150,3482828,3418192,0.773522,
ils,first,['exchange'],random,0.2,100,0,N-be75eec_150,3482828,3427149,2.418473,
ils,first,['exchange'],random,0.2,100,0,N-be75eec_150,3482828,3429241,5.721967,
ils,first,['exchange'],random,0.2,100,0,N-be75eec_150,3482828,3435294,7.050709,
ils,first,['exchange'],random,0.2,100,0,N-be75eec_150,3482828,3439147,22.999151,
ils,first,['exchange'],random,0.2,100,0,N-be75eec_150,3482828,3439147,47.721256,
ils,first,['exchange'],random,0.2,100,10,N-be75eec_150,3482828,3401171,0.199609,
ils,first,['exchange'],random,0.2,100,10,N-be75eec_150,3482828,3416633,0.49581,
ils,first,['exchange'],random,0.2,100,10,N-be75eec_150,3482828,3418192,0.745225,
ils,first,['exchange'],random,0.2,100,10,N-be75eec_150,3482828,3427149,2.405155,
ils,first,['exchange'],random,0.2,100,10,N-be75eec_150,3482828,3429241,5.69636,
ils,first,['exchange'],random,0.2,100,10,N-be75eec_150,3482828,3435294,7.013362,
ils,first,['exchange'],random,0.2,100,10,N-be75eec_150,3482828,3439147,23.027664,
ils,first,['exchange'],random,0.2,100,10,N-be75eec_150,3482828,3439147,47.803394,
ils,first,['exchange'],random,0.5,10,0,N-be75eec_150,3482828,3411727,1.020702,
ils,first,['exchange'],random,0.5,10,0,N-be75eec_150,3482828,3412873,2.659992,
ils,first,['exchange'],random,0.5,10,0,N-be75eec_150,3482828,3412873,5.95282,
ils,first,['exchange'],random,0.5,10,10,N-be75eec_150,3482828,3411727,0.997996,
ils,first,['exchange'],random,0.5,10,10,N-be75eec_150,3482828,3412873,2.682725,
ils,first,['exchange'],random,0.5,10,10,N-be75eec_150,3482828,3412873,6.090649,
ils,first,['exchange'],random,0.5,100,0,N-be75eec_150,3482828,3411727,0.999529,
ils,first,['exchange'],random,0.5,100,0,N-be75eec_150,3482828,3412873,2.692443,
ils,first,['exchange'],random,0.5,100,0,N-be75eec_150,3482828,3421889,6.522849,
ils,first,['exchange'],random,0.5,100,0,N-be75eec_150,3482828,3424109,39.67712,
ils,first,['exchange'],random,0.5,100,0,N-be75eec_150,3482828,3429014,40.404827,
ils,first,['exchange'],random,0.5,100,0,N-be75eec_150,3482828,3429230,53.621559,
ils,first,['exchange'],random,0.5,100,0,N-be75eec_150,3482828,3439158,63.277912,
ils,first,['exchange'],random,0.5,100,0,N-be75eec_150,3482828,3439158,99.148506,
ils,first,['exchange'],random,0.5,100,10,N-be75eec_150,3482828,3411727,1.052908,
ils,first,['exchange'],random,0.5,100,10,N-be75eec_150,3482828,3412873,2.69414,
ils,first,['exchange'],random,0.5,100,10,N-be75eec_150,3482828,3421889,6.507292,
ils,first,['exchange'],random,0.5,100,10,N-be75eec_150,3482828,3424109,39.819378,
ils,first,['exchange'],random,0.5,100,10,N-be75eec_150,3482828,3429014,40.484764,
ils,first,['exchange'],random,0.5,100,10,N-be75eec_150,3482828,3429230,53.585285,
ils,first,['exchange'],random,0.5,100,10,N-be75eec_150,3482828,3439158,63.09399,
ils,first,['exchange'],random,0.5,100,10,N-be75eec_150,3482828,3439158,99.129311,
ils,first,['exchange'],random,0.8,10,0,N-be75eec_150,3482828,3400644,0.359091,
ils,first,['exchange'],random,0.8,10,0,N-be75eec_150,3482828,3422392,1.442097,
ils,first,['exchange'],random,0.8,10,0,N-be75eec_150,3482828,3422392,5.207949,
ils,first,['exchange'],random,0.8,10,10,N-be75eec_150,3482828,3400644,0.36878,
ils,first,['exchange'],random,0.8,10,10,N-be75eec_150,3482828,3422392,1.490558,
ils,first,['exchange'],random,0.8,10,10,N-be75eec_150,3482828,3422392,5.19717,
ils,first,['exchange'],random,0.8,100,0,N-be75eec_150,3482828,3400644,0.401216,
ils,first,['exchange'],random,0.8,100,0,N-be75eec_150,3482828,3422392,1.552609,
ils,first,['exchange'],random,0.8,100,0,N-be75eec_150,3482828,3430478,9.196042,
ils,first,['exchange'],random,0.8,100,0,N-be75eec_150,3482828,3430478,48.703869,
ils,first,['exchange'],random,0.8,100,10,N-be75eec_150,3482828,3400644,0.368386,
ils,first,['exchange'],random,0.8,100,10,N-be75eec_150,3482828,3422392,1.52657,
ils,first,['exchange'],random,0.8,100,10,N-be75eec_150,3482828,3430478,9.187852,
ils,first,['exchange'],random,0.8,100,10,N-be75eec_150,3482828,3430478,48.629009,
ils,first,"['transpose', 'exchange', 'insert']",c_and_w,0.2,10,0,N-be75eec_150,3482828,3406291,0.274226,
ils,first,"['transpose', 'exchange', 'insert']",c_and_w,0.2,10,0,N-be75eec_150,3482828,3408428,2.308057,
ils,first,"['transpose', 'exchange', 'insert']",c_and_w,0.2,10,0,N-be75eec_150,3482828,3409199,2.519206,
ils,first,"['transpose', 'exchange', 'insert']",c_and_w,0.2,10,0,N-be75eec_150,3482828,3413398,2.773193,
ils,first,"['transpose', 'exchange', 'insert']",c_and_w,0.2,10,0,N-be75eec_150,3482828,3419250,3.040111,
ils,first,"['transpose', 'exchange', 'insert']",c_and_w,0.2,10,0,N-be75eec_150,3482828,3423288,3.569509,
ils,first,"['transpose', 'exchange', 'insert']",c_and_w,0.2,10,0,N-be75eec_150,3482828,3429641,4.095086,
ils,first,"['transpose', 'exchange', 'insert']",c_and_w,0.2,10,0,N-be75eec_150,3482828,3432934,4.429488,
ils,first,"['transpose', 'exchange', 'insert']",c_and_w,0.2,10,0,N-be75eec_150,3482828,3433182,4.685352,
ils,first,"['transpose', 'exchange', 'insert']",c_and_w,0.2,10,0,N-be75eec_150,3482828,3438660,4.920465,
ils,first,"['transpose', 'exchange', 'insert']",c_and_w,0.2,10,0,N-be75eec_150,3482828,3438660,7.407227,
ils,first,"['transpose', 'exchange', 'insert']",c_and_w,0.2,10,10,N-be75eec_150,3482828,3406291,0.276192,
ils,first,"['transpose', 'exchange', 'insert']",c_and_w,0.2,10,10,N-be75eec_150,3482828,3408428,2.31176,
ils,first,"['transpose', 'exchange', 'insert']",c_and_w,0.2,10,10,N-be75eec_150,3482828,3409199,2.537573,
ils,first,"['transpose', 'exchange', 'insert']",c_and_w,0.2,10,10,N-be75eec_150,3482828,3413398,2.789954,
ils,first,"['transpose', 'exchange', 'insert']",c_and_w,0.2,10,10,N-be75eec_150,3482828,3419250,3.061054,
ils,first,"['transpose', 'exchange', 'insert']",c_and_w,0.2,10,10,N-be75eec_150,3482828,3423288,3.605889,
ils,first,"['transpose', 'exchange', 'insert']",c_and_w,0.2,10,10,N-be75eec_150,3482828,3429641,4.144371,
ils,first,"['transpose', 'exchange', 'insert']",c_and_w,0.2,10,10,N-be75eec_150,3482828,3432934,4.471281,
ils,first,"['transpose', 'exchange', 'insert']",c_and_w,0.2,10,10,N-be75eec_150,3482828,3433182,4.742679,
ils,first,"['transpose', 'exchange', 'insert']",c_and_w,0.2,10,10,N-be75eec_150,3482828,3438660,4.982595,
ils,first,"['transpose', 'exchange', 'insert']",c_and_w,0.2,10,10,N-be75eec_150,3482828,3438660,7.531455,
ils,first,"['transpose', 'exchange', 'insert']",c_and_w,0.2,100,0,N-be75eec_150,3482828,3406291,0.261535,
ils,first,"['transpose', 'exchange', 'insert']",c_and_w,0.2,100,0,N-be75eec_150,3482828,3408428,2.341704,
ils,first,"['transpose', 'exchange', 'insert']",c_and_w,0.2,100,0,N-be75eec_150,3482828,3409199,2.525613,
ils,first,"['transpose', 'exchange', 'insert']",c_and_w,0.2,100,0,N-be75eec_150,3482828,3413398,2.774808,
ils,first,"['transpose', 'exchange', 'insert']",c_and_w,0.2,100,0,N-be75eec_150,3482828,3419250,3.034317,
ils,first,"['transpose', 'exchange', 'insert']",c_and_w,0.2,100,0,N-be75eec_150,3482828,3423288,3.53229,
ils,first,"['transpose', 'exchange', 'insert']",c_and_w,0.2,100,0,N-be75eec_150,3482828,3429641,4.050777,
ils,first,"['transpose', 'exchange', 'insert']",c_and_w,0.2,100,0,N-be75eec_150,3482828,3432934,4.409089,
ils,first,"['transpose', 'exchange', 'insert']",c_and_w,0.2,100,0,N-be75eec_150,3482828,3433182,4.664487,
ils,first,"['transpose', 'exchange', 'insert']",c_and_w,0.2,100,0,N-be75eec_150,3482828,3438660,4.88852,
ils,first,"['transpose', 'exchange', 'insert']",c_and_w,0.2,100,0,N-be75eec_150,3482828,3440334,9.717374,
ils,first,"['transpose', 'exchange', 'insert']",c_and_w,0.2,100,0,N-be75eec_150,3482828,3447470,13.616812,
ils,first,"['transpose', 'exchange', 'insert']",c_and_w,0.2,100,0,N-be75eec_150,3482828,3449539,19.491821,
ils,first,"['transpose', 'exchange', 'insert']",c_and_w,0.2,100,0,N-be75eec_150,3482828,3449701,22.401043,
ils,first,"['transpose', 'exchange', 'insert']",c_and_w,0.2,100,0,N-be75eec_150,3482828,3449850,33.160213,
ils,first,"['transpose', 'exchange', 'insert']",c_and_w,0.2,100,0,N-be75eec_150,3482828,3449923,34.553436,
ils,first,"['transpose', 'exchange', 'insert']",c_and_w,0.2,100,0,N-be75eec_150,3482828,3453264,36.128914,
ils,first,"['transpose', 'exchange', 'insert']",c_and_w,0.2,100,0,N-be75eec_150,3482828,3456210,42.738422,
ils,first,"['transpose', 'exchange', 'insert']",c_and_w,0.2,100,0,N-be75eec_150,3482828,3457534,52.484341,
ils,first,"['transpose', 'exchange', 'insert']",c_and_w,0.2,100,0,N-be75eec_150,3482828,3457534,79.019417,
ils,first,"['transpose', 'exchange', 'insert']",c_and_w,0.2,100,10,N-be75eec_150,3482828,3406291,0.281007,
ils,first,"['transpose', 'exchange', 'insert']",c_and_w,0.2,100,10,N-be75eec_150,3482828,3408428,2.362432,
ils,first,"['transpose', 'exchange', 'insert']",c_and_w,0.2,100,10,N-be75eec_150,3482828,3409199,2.584467,
ils,first,"['transpose', 'exchange', 'insert']",c_and_w,0.2,100,10,N-be75eec_150,3482828,3413398,2.865993,
ils,first,"['transpose', 'exchange', 'insert']",c_and_w,0.2,100,10,N-be75eec_150,3482828,3419250,3.149218,
ils,first,"['transpose', 'exchange', 'insert']",c_and_w,0.2,100,10,N-be75eec_150,3482828,3423288,3.650961,
ils,first,"['transpose', 'exchange', 'insert']",c_and_w,0.2,100,10,N-be75eec_150,3482828,3429641,4.18202,
ils,first,"['transpose', 'exchange', 'insert']",c_and_w,0.2,100,10,N-be75eec_150,3482828,3432934,4.505799,
ils,first,"['transpose', 'exchange', 'insert']",c_and_w,0.2,100,10,N-be75eec_150,3482828,3433182,4.780111,
ils,first,"['transpose', 'exchange', 'insert']",c_and_w,0.2,100,10,N-be75eec_150,3482828,3438660,5.013382,
ils,first,"['transpose', 'exchange', 'insert']",c_and_w,0.2,100,10,N-be75eec_150,3482828,3440334,9.904746,
ils,first,"['transpose', 'exchange', 'insert']",c_and_w,0.2,100,10,N-be75eec_150,3482828,3447470,13.928468,
ils,first,"['transpose', 'exchange', 'insert']",c_and_w,0.2,100,10,N-be75eec_150,3482828,3449539,19.88847,
ils,first,"['transpose', 'exchange', 'insert']",c_and_w,0.2,100,10,N-be75eec_150,3482828,3449701,22.80134,
ils,first,"['transpose', 'exchange', 'insert']",c_and_w,0.2,100,10,N-be75eec_150,3482828,3449850,33.547939,
ils,first,"['transpose', 'exchange', 'insert']",c_and_w,0.2,100,10,N-be75eec_150,3482828,3449923,34.972164,
ils,first,"['transpose', 'exchange', 'insert']",c_and_w,0.2,100,10,N-be75eec_150,3482828,3453264,36.590324,
ils,first,"['transpose', 'exchange', 'insert']",c_and_w,0.2,100,10,N-be75eec_150,3482828,3456210,43.129089,
ils,first,"['transpose', 'exchange', 'insert']",c_and_w,0.2,100,10,N-be75eec_150,3482828,3457534,52.995617,
ils,first,"['transpose', 'exchange', 'insert']",c_and_w,0.2,100,10,N-be75eec_150,3482828,3457534,80.042061,
ils,first,"['transpose', 'exchange', 'insert']",c_and_w,0.5,10,0,N-be75eec_150,3482828,3429190,0.736084,
ils,first,"['transpose', 'exchange', 'insert']",c_and_w,0.5,10,0,N-be75eec_150,3482828,3437755,1.486888,
ils,first,"['transpose', 'exchange', 'insert']",c_and_w,0.5,10,0,N-be75eec_150,3482828,3438426,3.822451,
ils,first,"['transpose', 'exchange', 'insert']",c_and_w,0.5,10,0,N-be75eec_150,3482828,3438426,7.850806,
ils,first,"['transpose', 'exchange', 'insert']",c_and_w,0.5,10,10,N-be75eec_150,3482828,3429190,0.717713,
ils,first,"['transpose', 'exchange', 'insert']",c_and_w,0.5,10,10,N-be75eec_150,3482828,3437755,1.487522,
ils,first,"['transpose', 'exchange', 'insert']",c_and_w,0.5,10,10,N-be75eec_150,3482828,3438426,3.76679,
ils,first,"['transpose', 'exchange', 'insert']",c_and_w,0.5,10,10,N-be75eec_150,3482828,3438426,7.689885,
ils,first,"['transpose', 'exchange', 'insert']",c_and_w,0.5,100,0,N-be75eec_150,3482828,3429190,0.724675,
ils,first,"['transpose', 'exchange', 'insert']",c_and_w,0.5,100,0,N-be75eec_150,3482828,3437755,1.486765,
ils,first,"['transpose', 'exchange', 'insert']",c_and_w,0.5,100,0,N-be75eec_150,3482828,3438426,3.785045,
ils,first,"['transpose', 'exchange', 'insert']",c_and_w,0.5,100,0,N-be75eec_150,3482828,3441583,10.084547,
ils,first,"['transpose', 'exchange', 'insert']",c_and_w,0.5,100,0,N-be75eec_150,3482828,3446212,26.570923,
ils,first,"['transpose', 'exchange', 'insert']",c_and_w,0.5,100,0,N-be75eec_150,3482828,3448550,33.949902,
ils,first,"['transpose', 'exchange', 'insert']",c_and_w,0.5,100,0,N-be75eec_150,3482828,3448550,71.749733,
ils,first,"['transpose', 'exchange', 'insert']",c_and_w,0.5,100,10,N-be75eec_150,3482828,3429190,0.740271,
ils,first,"['transpose', 'exchange', 'insert']",c_and_w,0.5,100,10,N-be75eec_150,3482828,3437755,1.492609,
ils,first,"['transpose', 'exchange', 'insert']",c_and_w,0.5,100,10,N-be75eec_150,3482828,3438426,3.719544,
ils,first,"['transpose', 'exchange', 'insert']",c_and_w,0.5,100,10,N-be75eec_150,3482828,3441583,10.037483,
ils,first,"['transpose', 'exchange', 'insert']",c_and_w,0.5,100,10,N-be75eec_150,3482828,3446212,26.023062,
ils,first,"['transpose', 'exchange', 'insert']",c_and_w,0.5,100,10,N-be75eec_150,3482828,3448550,33.336155,
ils,first,"['transpose', 'exchange', 'insert']",c_and_w,0.5,100,10,N-be75eec_150,3482828,3448550,70.507507,
ils,first,"['transpose', 'exchange', 'insert']",c_and_w,0.8,10,0,N-be75eec_150,3482828,3404249,0.367601,
ils,first,"['transpose', 'exchange', 'insert']",c_and_w,0.8,10,0,N-be75eec_150,3482828,3420194,0.850892,
ils,first,"['transpose', 'exchange', 'insert']",c_and_w,0.8,10,0,N-be75eec_150,3482828,3428042,1.601052,
ils,first,"['transpose', 'exchange', 'insert']",c_and_w,0.8,10,0,N-be75eec_150,3482828,3430930,5.607372,
ils,first,"['transpose', 'exchange', 'insert']",c_and_w,0.8,10,0,N-be75eec_150,3482828,3433964,5.974769,
ils,first,"['transpose', 'exchange', 'insert']",c_and_w,0.8,10,0,N-be75eec_150,3482828,3440453,7.652109,
ils,first,"['transpose', 'exchange', 'insert']",c_and_w,0.8,10,0,N-be75eec_150,3482828,3440453,11.627986,
ils,first,"['transpose', 'exchange', 'insert']",c_and_w,0.8,10,10,N-be75eec_150,3482828,3404249,0.383162,
ils,first,"['transpose', 'exchange', 'insert']",c_and_w,0.8,10,10,N-be75eec_150,3482828,3420194,0.855514,
ils,first,"['transpose', 'exchange', 'insert']",c_and_w,0.8,10,10,N-be75eec_150,3482828,3428042,1.64742,
ils,first,"['transpose', 'exchange', 'insert']",c_and_w,0.8,10,10,N-be75eec_150,3482828,3430930,5.669874,
ils,first,"['transpose', 'exchange', 'insert']",c_and_w,0.8,10,10,N-be75eec_150,3482828,3433964,6.032937,
ils,first,"['transpose', 'exchange', 'insert']",c_and_w,0.8,10,10,N-be75eec_150,3482828,3440453,7.745729,
ils,first,"['transpose', 'exchange', 'insert']",c_and_w,0.8,10,10,N-be75eec_150,3482828,3440453,11.814733,
ils,first,"['transpose', 'exchange', 'insert']",c_and_w,0.8,100,0,N-be75eec_150,3482828,3404249,0.380877,
ils,first,"['transpose', 'exchange', 'insert']",c_and_w,0.8,100,0,N-be75eec_150,3482828,3420194,0.873401,
ils,first,"['transpose', 'exchange', 'insert']",c_and_w,0.8,100,0,N-be75eec_150,3482828,3428042,1.636029,
ils,first,"['transpose', 'exchange', 'insert']",c_and_w,0.8,100,0,N-be75eec_150,3482828,3430930,5.654636,
ils,first,"['transpose', 'exchange', 'insert']",c_and_w,0.8,100,0,N-be75eec_150,3482828,3433964,6.012342,
ils,first,"['transpose', 'exchange', 'insert']",c_and_w,0.8,100,0,N-be75eec_150,3482828,3440453,7.662126,
ils,first,"['transpose', 'exchange', 'insert']",c_and_w,0.8,100,0,N-be75eec_150,3482828,3440453,47.713345,
ils,first,"['transpose', 'exchange', 'insert']",c_and_w,0.8,100,10,N-be75eec_150,3482828,3404249,0.399848,
ils,first,"['transpose', 'exchange', 'insert']",c_and_w,0.8,100,10,N-be75eec_150,3482828,3420194,0.877331,
ils,first,"['transpose', 'exchange', 'insert']",c_and_w,0.8,100,10,N-be75eec_150,3482828,3428042,1.625967,
ils,first,"['transpose', 'exchange', 'insert']",c_and_w,0.8,100,10,N-be75eec_150,3482828,3430930,5.643949,
ils,first,"['transpose', 'exchange', 'insert']",c_and_w,0.8,100,10,N-be75eec_150,3482828,3433964,6.03746,
ils,first,"['transpose', 'exchange', 'insert']",c_and_w,0.8,100,10,N-be75eec_150,3482828,3440453,7.731999,
ils,first,"['transpose', 'exchange', 'insert']",c_and_w,0.8,100,10,N-be75eec_150,3482828,3440453,48.336731,
ils,first,"['transpose', 'exchange', 'insert']",random,0.2,10,0,N-be75eec_150,3482828,3425625,0.262799,
ils,first,"['transpose', 'exchange', 'insert']",random,0.2,10,0,N-be75eec_150,3482828,3435561,0.764971,
ils,first,"['transpose', 'exchange', 'insert']",random,0.2,10,0,N-be75eec_150,3482828,3435688,2.312518,
ils,first,"['transpose', 'exchange', 'insert']",random,0.2,10,0,N-be75eec_150,3482828,3452091,4.009953,
ils,first,"['transpose', 'exchange', 'insert']",random,0.2,10,0,N-be75eec_150,3482828,3452091,6.458905,
ils,first,"['transpose', 'exchange', 'insert']",random,0.2,10,10,N-be75eec_150,3482828,3425625,0.265988,
ils,first,"['transpose', 'exchange', 'insert']",random,0.2,10,10,N-be75eec_150,3482828,3435561,0.778048,
ils,first,"['transpose', 'exchange', 'insert']",random,0.2,10,10,N-be75eec_150,3482828,3435688,2.355141,
ils,first,"['transpose', 'exchange', 'insert']",random,0.2,10,10,N-be75eec_150,3482828,3452091,4.101046,
ils,first,"['transpose', 'exchange', 'insert']",random,0.2,10,10,N-be75eec_150,3482828,3452091,6.628036,
ils,first,"['transpose', 'exchange', 'insert']",random,0.2,100,0,N-be75eec_150,3482828,3425625,0.273761,
ils,first,"['transpose', 'exchange', 'insert']",random,0.2,100,0,N-be75eec_150,3482828,3435561,0.768331,
ils,first,"['transpose', 'exchange', 'insert']",random,0.2,100,0,N-be75eec_150,3482828,3435688,2.317515,
ils,first,"['transpose', 'exchange', 'insert']",random,0.2,100,0,N-be75eec_150,3482828,3452091,4.048798,
ils,first,"['transpose', 'exchange', 'insert']",random,0.2,100,0,N-be75eec_150,3482828,3453827,31.523645,
ils,first,"['transpose', 'exchange', 'insert']",random,0.2,100,0,N-be75eec_150,3482828,3453827,58.621708,
ils,first,"['transpose', 'exchange', 'insert']",random,0.2,100,10,N-be75eec_150,3482828,3425625,0.268789,
ils,first,"['transpose', 'exchange', 'insert']",random,0.2,100,10,N-be75eec_150,3482828,3435561,0.804477,
ils,first,"['transpose', 'exchange', 'insert']",random,0.2,100,10,N-be75eec_150,3482828,3435688,2.395268,
ils,first,"['transpose', 'exchange', 'insert']",random,0.2,100,10,N-be75eec_150,3482828,3452091,4.148543,
ils,first,"['transpose', 'exchange', 'insert']",random,0.2,100,10,N-be75eec_150,3482828,3453827,31.696852,
ils,first,"['transpose', 'exchange', 'insert']",random,0.2,100,10,N-be75eec_150,3482828,3453827,58.928486,
ils,first,"['transpose', 'exchange', 'insert']",random,0.5,10,0,N-be75eec_150,3482828,3422401,0.372365,
ils,first,"['transpose', 'exchange', 'insert']",random,0.5,10,0,N-be75eec_150,3482828,3429238,1.49917,
ils,first,"['transpose', 'exchange', 'insert']",random,0.5,10,0,N-be75eec_150,3482828,3434147,2.699171,
ils,first,"['transpose', 'exchange', 'insert']",random,0.5,10,0,N-be75eec_150,3482828,3434147,6.523388,
ils,first,"['transpose', 'exchange', 'insert']",random,0.5,10,10,N-be75eec_150,3482828,3422401,0.355537,
ils,first,"['transpose', 'exchange', 'insert']",random,0.5,10,10,N-be75eec_150,3482828,3429238,1.462082,
ils,first,"['transpose', 'exchange', 'insert']",random,0.5,10,10,N-be75eec_150,3482828,3434147,2.642497,
ils,first,"['transpose', 'exchange', 'insert']",random,0.5,10,10,N-be75eec_150,3482828,3434147,6.531642,
ils,first,"['transpose', 'exchange', 'insert']",random,0.5,100,0,N-be75eec_150,3482828,3422401,0.346905,
ils,first,"['transpose', 'exchange', 'insert']",random,0.5,100,0,N-be75eec_150,3482828,3429238,1.494077,
ils,first,"['transpose', 'exchange', 'insert']",random,0.5,100,0,N-be75eec_150,3482828,3434147,2.704061,
ils,first,"['transpose', 'exchange', 'insert']",random,0.5,100,0,N-be75eec_150,3482828,3434468,12.234941,
ils,first,"['transpose', 'exchange', 'insert']",random,0.5,100,0,N-be75eec_150,3482828,3436775,20.557421,
ils,first,"['transpose', 'exchange', 'insert']",random,0.5,100,0,N-be75eec_150,3482828,3444645,21.807917,
ils,first,"['transpose', 'exchange', 'insert']",random,0.5,100,0,N-be75eec_150,3482828,3448444,55.457527,
ils,first,"['transpose', 'exchange', 'insert']",random,0.5,100,0,N-be75eec_150,3482828,3453365,71.112892,
ils,first,"['transpose', 'exchange', 'insert']",random,0.5,100,0,N-be75eec_150,3482828,3453365,99.900742,
ils,first,"['transpose', 'exchange', 'insert']",random,0.5,100,10,N-be75eec_150,3482828,3422401,0.352751,
ils,first,"['transpose', 'exchange', 'insert']",random,0.5,100,10,N-be75eec_150,3482828,3429238,1.483559,
ils,first,"['transpose', 'exchange', 'insert']",random,0.5,100,10,N-be75eec_150,3482828,3434147,2.652264,
ils,first,"['transpose', 'exchange', 'insert']",random,0.5,100,10,N-be75eec_150,3482828,3434468,12.079067,
ils,first,"['transpose', 'exchange', 'insert']",random,0.5,100,10,N-be75eec_150,3482828,3436775,20.30015,
ils,first,"['transpose', 'exchange', 'insert']",random,0.5,100,10,N-be75eec_150,3482828,3444645,21.523899,
ils,first,"['transpose', 'exchange', 'insert']",random,0.5,100,10,N-be75eec_150,3482828,3448444,54.559166,
ils,first,"['transpose', 'exchange', 'insert']",random,0.5,100,10,N-be75eec_150,3482828,3453365,70.053383,
ils,first,"['transpose', 'exchange', 'insert']",random,0.5,100,10,N-be75eec_150,3482828,3453365,98.430611,
ils,first,"['transpose', 'exchange', 'insert']",random,0.8,10,0,N-be75eec_150,3482828,3408539,0.393985,
ils,first,"['transpose', 'exchange', 'insert']",random,0.8,10,0,N-be75eec_150,3482828,3441705,1.299963,
ils,first,"['transpose', 'exchange', 'insert']",random,0.8,10,0,N-be75eec_150,3482828,3441705,5.343501,
ils,first,"['transpose', 'exchange', 'insert']",random,0.8,10,10,N-be75eec_150,3482828,3408539,0.436131,
ils,first,"['transpose', 'exchange', 'insert']",random,0.8,10,10,N-be75eec_150,3482828,3441705,1.374697,
ils,first,"['transpose', 'exchange', 'insert']",random,0.8,10,10,N-be75eec_150,3482828,3441705,5.47784,
ils,first,"['transpose', 'exchange', 'insert']",random,0.8,100,0,N-be75eec_150,3482828,3408539,0.42637,
ils,first,"['transpose', 'exchange', 'insert']",random,0.8,100,0,N-be75eec_150,3482828,3441705,1.325908,
ils,first,"['transpose', 'exchange', 'insert']",random,0.8,100,0,N-be75eec_150,3482828,3441705,42.070442,
ils,first,"['transpose', 'exchange', 'insert']",random,0.8,100,10,N-be75eec_150,3482828,3408539,0.41614,
ils,first,"['transpose', 'exchange', 'insert']",random,0.8,100,10,N-be75eec_150,3482828,3441705,1.323767,
ils,first,"['transpose', 'exchange', 'insert']",random,0.8,100,10,N-be75eec_150,3482828,3441705,42.600994,
ils,best,['exchange'],c_and_w,0.2,10,0,N-be75eec_150,3482828,3369416,0.049206,
ils,best,['exchange'],c_and_w,0.2,10,0,N-be75eec_150,3482828,3372773,0.148746,
ils,best,['exchange'],c_and_w,0.2,10,0,N-be75eec_150,3482828,3379670,0.189026,
ils,best,['exchange'],c_and_w,0.2,10,0,N-be75eec_150,3482828,3404834,0.296347,
ils,best,['exchange'],c_and_w,0.2,10,0,N-be75eec_150,3482828,3412671,0.337686,
ils,best,['exchange'],c_and_w,0.2,10,0,N-be75eec_150,3482828,3416888,0.381748,
ils,best,['exchange'],c_and_w,0.2,10,0,N-be75eec_150,3482828,3417009,0.516466,
ils,best,['exchange'],c_and_w,0.2,10,0,N-be75eec_150,3482828,3417009,0.963846,
ils,best,['exchange'],c_and_w,0.2,10,10,N-be75eec_150,3482828,3369416,0.055535,
ils,best,['exchange'],c_and_w,0.2,10,10,N-be75eec_150,3482828,3372773,0.155169,
ils,best,['exchange'],c_and_w,0.2,10,10,N-be75eec_150,3482828,3379670,0.212148,
ils,best,['exchange'],c_and_w,0.2,10,10,N-be75eec_150,3482828,3404834,0.298508,
ils,best,['exchange'],c_and_w,0.2,10,10,N-be75eec_150,3482828,3412671,0.34267,
ils,best,['exchange'],c_and_w,0.2,10,10,N-be75eec_150,3482828,3416888,0.380864,
ils,best,['exchange'],c_and_w,0.2,10,10,N-be75eec_150,3482828,3417009,0.514488,
ils,best,['exchange'],c_and_w,0.2,10,10,N-be75eec_150,3482828,3417009,0.952642,
ils,best,['exchange'],c_and_w,0.2,100,0,N-be75eec_150,3482828,3369416,0.044238,
ils,best,['exchange'],c_and_w,0.2,100,0,N-be75eec_150,3482828,3372773,0.13953,
ils,best,['exchange'],c_and_w,0.2,100,0,N-be75eec_150,3482828,3379670,0.184647,
ils,best,['exchange'],c_and_w,0.2,100,0,N-be75eec_150,3482828,3404834,0.278097,
ils,best,['exchange'],c_and_w,0.2,100,0,N-be75eec_150,3482828,3412671,0.323787,
ils,best,['exchange'],c_and_w,0.2,100,0,N-be75eec_150,3482828,3416888,0.367374,
ils,best,['exchange'],c_and_w,0.2,100,0,N-be75eec_150,3482828,3417009,0.501137,
ils,best,['exchange'],c_and_w,0.2,100,0,N-be75eec_150,3482828,3423413,1.007818,
ils,best,['exchange'],c_and_w,0.2,100,0,N-be75eec_150,3482828,3429880,1.25776,
ils,best,['exchange'],c_and_w,0.2,100,0,N-be75eec_150,3482828,3432990,1.441921,
ils,best,['exchange'],c_and_w,0.2,100,0,N-be75eec_150,3482828,3434400,1.771901,
ils,best,['exchange'],c_and_w,0.2,100,0,N-be75eec_150,3482828,3435166,2.61511,
ils,best,['exchange'],c_and_w,0.2,100,0,N-be75eec_150,3482828,3439892,2.899707,
ils,best,['exchange'],c_and_w,0.2,100,0,N-be75eec_150,3482828,3441688,2.989633,
ils,best,['exchange'],c_and_w,0.2,100,0,N-be75eec_150,3482828,3443556,4.502841,
ils,best,['exchange'],c_and_w,0.2,100,0,N-be75eec_150,3482828,3446616,4.588374,
ils,best,['exchange'],c_and_w,0.2,100,0,N-be75eec_150,3482828,3447298,4.976862,
ils,best,['exchange'],c_and_w,0.2,100,0,N-be75eec_150,3482828,3447453,7.820504,
ils,best,['exchange'],c_and_w,0.2,100,0,N-be75eec_150,3482828,3448166,7.890611,
ils,best,['exchange'],c_and_w,0.2,100,0,N-be75eec_150,3482828,3448166,11.572335,
ils,best,['exchange'],c_and_w,0.2,100,10,N-be75eec_150,3482828,3369416,0.04951,
ils,best,['exchange'],c_and_w,0.2,100,10,N-be75eec_150,3482828,3372773,0.144957,
ils,best,['exchange'],c_and_w,0.2,100,10,N-be75eec_150,3482828,3379670,0.190123,
ils,best,['exchange'],c_and_w,0.2,100,10,N-be75eec_150,3482828,3404834,0.283984,
ils,best,['exchange'],c_and_w,0.2,100,10,N-be75eec_150,3482828,3412671,0.329117,
ils,best,['exchange'],c_and_w,0.2,100,10,N-be75eec_150,3482828,3416888,0.373942,
ils,best,['exchange'],c_and_w,0.2,100,10,N-be75eec_150,3482828,3417009,0.492942,
ils,best,['exchange'],c_and_w,0.2,100,10,N-be75eec_150,3482828,3423413,0.994512,
ils,best,['exchange'],c_and_w,0.2,100,10,N-be75eec_150,3482828,3429880,1.22757,
ils,best,['exchange'],c_and_w,0.2,100,10,N-be75eec_150,3482828,3432990,1.412128,
ils,best,['exchange'],c_and_w,0.2,100,10,N-be75eec_150,3482828,3434400,1.735567,
ils,best,['exchange'],c_and_w,0.2,100,10,N-be75eec_150,3482828,3435166,2.597523,
ils,best,['exchange'],c_and_w,0.2,100,10,N-be75eec_150,3482828,3439892,2.879389,
ils,best,['exchange'],c_and_w,0.2,100,10,N-be75eec_150,3482828,3441688,2.960905,
ils,best,['exchange'],c_and_w,0.2,100,10,N-be75eec_150,3482828,3443556,4.438104,
ils,best,['exchange'],c_and_w,0.2,100,10,N-be75eec_150,3482828,3446616,4.521234,
ils,best,['exchange'],c_and_w,0.2,100,10,N-be75eec_150,3482828,3447298,4.873126,
ils,best,['exchange'],c_and_w,0.2,100,10,N-be75eec_150,3482828,3447453,7.784978,
ils,best,['exchange'],c_and_w,0.2,100,10,N-be75eec_150,3482828,3448166,7.841916,
ils,best,['exchange'],c_and_w,0.2,100,10,N-be75eec_150,3482828,3448166,11.506993,
ils,best,['exchange'],c_and_w,0.5,10,0,N-be75eec_150,3482828,3380251,0.071045,
ils,best,['exchange'],c_and_w,0.5,10,0,N-be75eec_150,3482828,3383339,0.508131,
ils,best,['exchange'],c_and_w,0.5,10,0,N-be75eec_150,3482828,3389836,0.573108,
ils,best,['exchange'],c_and_w,0.5,10,0,N-be75eec_150,3482828,3397448,0.711309,
ils,best,['exchange'],c_and_w,0.5,10,0,N-be75eec_150,3482828,3398477,0.841336,
ils,best,['exchange'],c_and_w,0.5,10,0,N-be75eec_150,3482828,3412235,1.126192,
ils,best,['exchange'],c_and_w,0.5,10,0,N-be75eec_150,3482828,3412235,1.811183,
ils,best,['exchange'],c_and_w,0.5,10,10,N-be75eec_150,3482828,3380251,0.066979,
ils,best,['exchange'],c_and_w,0.5,10,10,N-be75eec_150,3482828,3383339,0.485559,
ils,best,['exchange'],c_and_w,0.5,10,10,N-be75eec_150,3482828,3389836,0.543745,
ils,best,['exchange'],c_and_w,0.5,10,10,N-be75eec_150,3482828,3397448,0.668324,
ils,best,['exchange'],c_and_w,0.5,10,10,N-be75eec_150,3482828,3398477,0.807685,
ils,best,['exchange'],c_and_w,0.5,10,10,N-be75eec_150,3482828,3412235,1.085814,
ils,best,['exchange'],c_and_w,0.5,10,10,N-be75eec_150,3482828,3412235,1.744484,
ils,best,['exchange'],c_and_w,0.5,100,0,N-be75eec_150,3482828,3380251,0.07334,
ils,best,['exchange'],c_and_w,0.5,100,0,N-be75eec_150,3482828,3383339,0.510453,
ils,best,['exchange'],c_and_w,0.5,100,0,N-be75eec_150,3482828,3389836,0.574618,
ils,best,['exchange'],c_and_w,0.5,100,0,N-be75eec_150,3482828,3397448,0.704544,
ils,best,['exchange'],c_and_w,0.5,100,0,N-be75eec_150,3482828,3398477,0.839016,
ils,best,['exchange'],c_and_w,0.5,100,0,N-be75eec_150,3482828,3412235,1.136183,
ils,best,['exchange'],c_and_w,0.5,100,0,N-be75eec_150,3482828,3417116,1.884858,
ils,best,['exchange'],c_and_w,0.5,100,0,N-be75eec_150,3482828,3428485,2.804485,
ils,best,['exchange'],c_and_w,0.5,100,0,N-be75eec_150,3482828,3428485,9.376948,
ils,best,['exchange'],c_and_w,0.5,100,10,N-be75eec_150,3482828,3380251,0.073545,
ils,best,['exchange'],c_and_w,0.5,100,10,N-be75eec_150,3482828,3383339,0.517969,
ils,best,['exchange'],c_and_w,0.5,100,10,N-be75eec_150,3482828,3389836,0.582894,
ils,best,['exchange'],c_and_w,0.5,100,10,N-be75eec_150,3482828,3397448,0.7205,
ils,best,['exchange'],c_and_w,0.5,100,10,N-be75eec_150,3482828,3398477,0.852032,
ils,best,['exchange'],c_and_w,0.5,100,10,N-be75eec_150,3482828,3412235,1.137608,
ils,best,['exchange'],c_and_w,0.5,100,10,N-be75eec_150,3482828,3417116,1.887097,
ils,best,['exchange'],c_and_w,0.5,100,10,N-be75eec_150,3482828,3428485,2.819667,
ils,best,['exchange'],c_and_w,0.5,100,10,N-be75eec_150,3482828,3428485,9.460418,
ils,best,['exchange'],c_and_w,0.8,10,0,N-be75eec_150,3482828,3370562,0.058716,
ils,best,['exchange'],c_and_w,0.8,10,0,N-be75eec_150,3482828,3399387,0.193711,
ils,best,['exchange'],c_and_w,0.8,10,0,N-be75eec_150,3482828,3416813,0.723701,
ils,best,['exchange'],c_and_w,0.8,10,0,N-be75eec_150,3482828,3416813,1.424861,
ils,best,['exchange'],c_and_w,0.8,10,10,N-be75eec_150,3482828,3370562,0.058692,
ils,best,['exchange'],c_and_w,0.8,10,10,N-be75eec_150,3482828,3399387,0.203888,
ils,best,['exchange'],c_and_w,0.8,10,10,N-be75eec_150,3482828,3416813,0.75517,
ils,best,['exchange'],c_and_w,0.8,10,10,N-be75eec_150,3482828,3416813,1.50217,
ils,best,['exchange'],c_and_w,0.8,100,0,N-be75eec_150,3482828,3370562,0.065215,
ils,best,['exchange'],c_and_w,0.8,100,0,N-be75eec_150,3482828,3399387,0.207755,
ils,best,['exchange'],c_and_w,0.8,100,0,N-be75eec_150,3482828,3416813,0.748231,
ils,best,['exchange'],c_and_w,0.8,100,0,N-be75eec_150,3482828,3418715,3.825147,
ils,best,['exchange'],c_and_w,0.8,100,0,N-be75eec_150,3482828,3418819,8.322825,
ils,best,['exchange'],c_and_w,0.8,100,0,N-be75eec_150,3482828,3418819,15.768311,
ils,best,['exchange'],c_and_w,0.8,100,10,N-be75eec_150,3482828,3370562,0.058965,
ils,best,['exchange'],c_and_w,0.8,100,10,N-be75eec_150,3482828,3399387,0.198994,
ils,best,['exchange'],c_and_w,0.8,100,10,N-be75eec_150,3482828,3416813,0.714211,
ils,best,['exchange'],c_and_w,0.8,100,10,N-be75eec_150,3482828,3418715,3.766666,
ils,best,['exchange'],c_and_w,0.8,100,10,N-be75eec_150,3482828,3418819,8.278322,
ils,best,['exchange'],c_and_w,0.8,100,10,N-be75eec_150,3482828,3418819,15.721766,
ils,best,['exchange'],random,0.2,10,0,N-be75eec_150,3482828,3380450,0.051333,
ils,best,['exchange'],random,0.2,10,0,N-be75eec_150,3482828,3385649,0.102219,
ils,best,['exchange'],random,0.2,10,0,N-be75eec_150,3482828,3387788,0.12517,
ils,best,['exchange'],random,0.2,10,0,N-be75eec_150,3482828,3392442,0.171149,
ils,best,['exchange'],random,0.2,10,0,N-be75eec_150,3482828,3407636,0.216975,
ils,best,['exchange'],random,0.2,10,0,N-be75eec_150,3482828,3412701,0.268863,
ils,best,['exchange'],random,0.2,10,0,N-be75eec_150,3482828,3418836,0.29892,
ils,best,['exchange'],random,0.2,10,0,N-be75eec_150,3482828,3418836,0.680724,
ils,best,['exchange'],random,0.2,10,10,N-be75eec_150,3482828,3380450,0.057658,
ils,best,['exchange'],random,0.2,10,10,N-be75eec_150,3482828,3385649,0.105325,
ils,best,['exchange'],random,0.2,10,10,N-be75eec_150,3482828,3387788,0.13087,
ils,best,['exchange'],random,0.2,10,10,N-be75eec_150,3482828,3392442,0.174028,
ils,best,['exchange'],random,0.2,10,10,N-be75eec_150,3482828,3407636,0.220109,
ils,best,['exchange'],random,0.2,10,10,N-be75eec_150,3482828,3412701,0.272539,
ils,best,['exchange'],random,0.2,10,10,N-be75eec_150,3482828,3418836,0.303367,
ils,best,['exchange'],random,0.2,10,10,N-be75eec_150,3482828,3418836,0.675696,
ils,best,['exchange'],random,0.2,100,0,N-be75eec_150,3482828,3380450,0.053728,
ils,best,['exchange'],random,0.2,100,0,N-be75eec_150,3482828,3385649,0.08978,
ils,best,['exchange'],random,0.2,100,0,N-be75eec_150,3482828,3387788,0.112815,
ils,best,['exchange'],random,0.2,100,0,N-be75eec_150,3482828,3392442,0.158661,
ils,best,['exchange'],random,0.2,100,0,N-be75eec_150,3482828,3407636,0.204842,
ils,best,['exchange'],random,0.2,100,0,N-be75eec_150,3482828,3412701,0.255984,
ils,best,['exchange'],random,0.2,100,0,N-be75eec_150,3482828,3418836,0.291661,
ils,best,['exchange'],random,0.2,100,0,N-be75eec_150,3482828,3421240,0.823922,
ils,best,['exchange'],random,0.2,100,0,N-be75eec_150,3482828,3422269,1.316488,
ils,best,['exchange'],random,0.2,100,0,N-be75eec_150,3482828,3423566,1.479238,
ils,best,['exchange'],random,0.2,100,0,N-be75eec_150,3482828,3423998,2.192277,
ils,best,['exchange'],random,0.2,100,0,N-be75eec_150,3482828,3428400,2.26253,
ils,best,['exchange'],random,0.2,100,0,N-be75eec_150,3482828,3428602,2.391409,
ils,best,['exchange'],random,0.2,100,0,N-be75eec_150,3482828,3429206,2.504166,
ils,best,['exchange'],random,0.2,100,0,N-be75eec_150,3482828,3430670,2.541855,
ils,best,['exchange'],random,0.2,100,0,N-be75eec_150,3482828,3430680,3.252678,
ils,best,['exchange'],random,0.2,100,0,N-be75eec_150,3482828,3434692,4.132931,
ils,best,['exchange'],random,0.2,100,0,N-be75eec_150,3482828,3435442,4.208267,
ils,best,['exchange'],random,0.2,100,0,N-be75eec_150,3482828,3436419,5.148612,
ils,best,['exchange'],random,0.2,100,0,N-be75eec_150,3482828,3436670,5.775228,
ils,best,['exchange'],random,0.2,100,0,N-be75eec_150,3482828,3437447,6.405098,
ils,best,['exchange'],random,0.2,100,0,N-be75eec_150,3482828,3437924,6.890806,
ils,best,['exchange'],random,0.2,100,0,N-be75eec_150,3482828,3439639,7.544359,
ils,best,['exchange'],random,0.2,100,0,N-be75eec_150,3482828,3439668,8.804534,
ils,best,['exchange'],random,0.2,100,0,N-be75eec_150,3482828,3440437,11.897707,
ils,best,['exchange'],random,0.2,100,0,N-be75eec_150,3482828,3441152,12.020943,
ils,best,['exchange'],random,0.2,100,0,N-be75eec_150,3482828,3441211,12.056513,
ils,best,['exchange'],random,0.2,100,0,N-be75eec_150,3482828,3444970,12.800762,
ils,best,['exchange'],random,0.2,100,0,N-be75eec_150,3482828,3444985,13.493188,
ils,best,['exchange'],random,0.2,100,0,N-be75eec_150,3482828,3444985,17.303974,
ils,best,['exchange'],random,0.2,100,10,N-be75eec_150,3482828,3380450,0.058072,
ils,best,['exchange'],random,0.2,100,10,N-be75eec_150,3482828,3385649,0.099606,
ils,best,['exchange'],random,0.2,100,10,N-be75eec_150,3482828,3387788,0.128395,
ils,best,['exchange'],random,0.2,100,10,N-be75eec_150,3482828,3392442,0.168488,
ils,best,['exchange'],random,0.2,100,10,N-be75eec_150,3482828,3407636,0.208064,
ils,best,['exchange'],random,0.2,100,10,N-be75eec_150,3482828,3412701,0.258948,
ils,best,['exchange'],random,0.2,100,10,N-be75eec_150,3482828,3418836,0.290166,
ils,best,['exchange'],random,0.2,100,10,N-be75eec_150,3482828,3421240,0.815111,
ils,best,['exchange'],random,0.2,100,10,N-be75eec_150,3482828,3422269,1.318057,
ils,best,['exchange'],random,0.2,100,10,N-be75eec_150,3482828,3423566,1.476898,
ils,best,['exchange'],random,0.2,100,10,N-be75eec_150,3482828,3423998,2.171072,
ils,best,['exchange'],random,0.2,100,10,N-be75eec_150,3482828,3428400,2.258424,
ils,best,['exchange'],random,0.2,100,10,N-be75eec_150,3482828,3428602,2.365036,
ils,best,['exchange'],random,0.2,100,10,N-be75eec_150,3482828,3429206,2.484863,
ils,best,['exchange'],random,0.2,100,10,N-be75eec_150,3482828,3430670,2.52323,
ils,best,['exchange'],random,0.2,100,10,N-be75eec_150,3482828,3430680,3.256044,
ils,best,['exchange'],random,0.2,100,10,N-be75eec_150,3482828,3434692,4.164173,
ils,best,['exchange'],random,0.2,100,10,N-be75eec_150,3482828,3435442,4.250194,
ils,best,['exchange'],random,0.2,100,10,N-be75eec_150,3482828,3436419,5.194404,
ils,best,['exchange'],random,0.2,100,10,N-be75eec_150,3482828,3436670,5.826566,
ils,best,['exchange'],random,0.2,100,10,N-be75eec_150,3482828,3437447,6.484912,
ils,best,['exchange'],random,0.2,100,10,N-be75eec_150,3482828,3437924,7.005104,
ils,best,['exchange'],random,0.2,100,10,N-be75eec_150,3482828,3439639,7.665716,
ils,best,['exchange'],random,0.2,100,10,N-be75eec_150,3482828,3439668,8.892446,
ils,best,['exchange'],random,0.2,100,10,N-be75eec_150,3482828,3440437,12.090431,
ils,best,['exchange'],random,0.2,100,10,N-be75eec_150,3482828,3441152,12.228553,
ils,best,['exchange'],random,0.2,100,10,N-be75eec_150,3482828,3441211,12.266246,
ils,best,['exchange'],random,0.2,100,10,N-be75eec_150,3482828,3444970,13.035116,
ils,best,['exchange'],random,0.2,100,10,N-be75eec_150,3482828,3444985,13.695882,
ils,best,['exchange'],random,0.2,100,10,N-be75eec_150,3482828,3444985,17.541906,
ils,best,['exchange'],random,0.5,10,0,N-be75eec_150,3482828,3408425,0.072106,
ils,best,['exchange'],random,0.5,10,0,N-be75eec_150,3482828,3408425,0.697407,
ils,best,['exchange'],random,0.5,10,10,N-be75eec_150,3482828,3408425,0.072192,
ils,best,['exchange'],random,0.5,10,10,N-be75eec_150,3482828,3408425,0.706969,
ils,best,['exchange'],random,0.5,100,0,N-be75eec_150,3482828,3408425,0.066495,
ils,best,['exchange'],random,0.5,100,0,N-be75eec_150,3482828,3420764,0.817099,
ils,best,['exchange'],random,0.5,100,0,N-be75eec_150,3482828,3422115,1.217013,
ils,best,['exchange'],random,0.5,100,0,N-be75eec_150,3482828,3424379,2.809251,
ils,best,['exchange'],random,0.5,100,0,N-be75eec_150,3482828,3433656,7.517856,
ils,best,['exchange'],random,0.5,100,0,N-be75eec_150,3482828,3433830,10.167869,
ils,best,['exchange'],random,0.5,100,0,N-be75eec_150,3482828,3436613,12.459891,
ils,best,['exchange'],random,0.5,100,0,N-be75eec_150,3482828,3436613,19.14518,
ils,best,['exchange'],random,0.5,100,10,N-be75eec_150,3482828,3408425,0.069386,
ils,best,['exchange'],random,0.5,100,10,N-be75eec_150,3482828,3420764,0.821604,
ils,best,['exchange'],random,0.5,100,10,N-be75eec_150,3482828,3422115,1.207985,
ils,best,['exchange'],random,0.5,100,10,N-be75eec_150,3482828,3424379,2.827932,
ils,best,['exchange'],random,0.5,100,10,N-be75eec_150,3482828,3433656,7.589815,
ils,best,['exchange'],random,0.5,100,10,N-be75eec_150,3482828,3433830,10.227286,
ils,best,['exchange'],random,0.5,100,10,N-be75eec_150,3482828,3436613,12.566919,
ils,best,['exchange'],random,0.5,100,10,N-be75eec_150,3482828,3436613,19.190531,
ils,best,['exchange'],random,0.8,10,0,N-be75eec_150,3482828,3390548,0.075836,
ils,best,['exchange'],random,0.8,10,0,N-be75eec_150,3482828,3403926,0.567454,
ils,best,['exchange'],random,0.8,10,0,N-be75eec_150,3482828,3403926,1.295999,
ils,best,['exchange'],random,0.8,10,10,N-be75eec_150,3482828,3390548,0.075954,
ils,best,['exchange'],random,0.8,10,10,N-be75eec_150,3482828,3403926,0.597014,
ils,best,['exchange'],random,0.8,10,10,N-be75eec_150,3482828,3403926,1.357535,
ils,best,['exchange'],random,0.8,100,0,N-be75eec_150,3482828,3390548,0.071704,
ils,best,['exchange'],random,0.8,100,0,N-be75eec_150,3482828,3403926,0.544856,
ils,best,['exchange'],random,0.8,100,0,N-be75eec_150,3482828,3404152,1.672953,
ils,best,['exchange'],random,0.8,100,0,N-be75eec_150,3482828,3404667,2.339658,
ils,best,['exchange'],random,0.8,100,0,N-be75eec_150,3482828,3405172,3.317465,
ils,best,['exchange'],random,0.8,100,0,N-be75eec_150,3482828,3406706,5.360437,
ils,best,['exchange'],random,0.8,100,0,N-be75eec_150,3482828,3409719,5.999265,
ils,best,['exchange'],random,0.8,100,0,N-be75eec_150,3482828,3412709,6.215868,
ils,best,['exchange'],random,0.8,100,0,N-be75eec_150,3482828,3416193,8.156835,
ils,best,['exchange'],random,0.8,100,0,N-be75eec_150,3482828,3418960,8.809844,
ils,best,['exchange'],random,0.8,100,0,N-be75eec_150,3482828,3421999,11.472059,
ils,best,['exchange'],random,0.8,100,0,N-be75eec_150,3482828,3428825,17.017193,
ils,best,['exchange'],random,0.8,100,0,N-be75eec_150,3482828,3431678,23.811348,
ils,best,['exchange'],random,0.8,100,0,N-be75eec_150,3482828,3431678,30.52186,
ils,best,['exchange'],random,0.8,100,10,N-be75eec_150,3482828,3390548,0.084521,
ils,best,['exchange'],random,0.8,100,10,N-be75eec_150,3482828,3403926,0.597956,
ils,best,['exchange'],random,0.8,100,10,N-be75eec_150,3482828,3404152,1.754972,
ils,best,['exchange'],random,0.8,100,10,N-be75eec_150,3482828,3404667,2.410555,
ils,best,['exchange'],random,0.8,100,10,N-be75eec_150,3482828,3405172,3.366904,
ils,best,['exchange'],random,0.8,100,10,N-be75eec_150,3482828,3406706,5.413708,
ils,best,['exchange'],random,0.8,100,10,N-be75eec_150,3482828,3409719,6.078973,
ils,best,['exchange'],random,0.8,100,10,N-be75eec_150,3482828,3412709,6.308018,
ils,best,['exchange'],random,0.8,100,10,N-be75eec_150,3482828,3416193,8.289087,
ils,best,['exchange'],random,0.8,100,10,N-be75eec_150,3482828,3418960,8.929708,
ils,best,['exchange'],random,0.8,100,10,N-be75eec_150,3482828,3421999,11.567501,
ils,best,['exchange'],random,0.8,100,10,N-be75eec_150,3482828,3428825,17.189049,
ils,best,['exchange'],random,0.8,100,10,N-be75eec_150,3482828,3431678,24.076815,
ils,best,['exchange'],random,0.8,100,10,N-be75eec_150,3482828,3431678,30.59996,
ils,best,"['transpose', 'exchange', 'insert']",c_and_w,0.2,10,0,N-be75eec_150,3482828,3428446,0.089454,
ils,best,"['transpose', 'exchange', 'insert']",c_and_w,0.2,10,0,N-be75eec_150,3482828,3434858,0.361961,
ils,best,"['transpose', 'exchange', 'insert']",c_and_w,0.2,10,0,N-be75eec_150,3482828,3439257,0.44817,
ils,best,"['transpose', 'exchange', 'insert']",c_and_w,0.2,10,0,N-be75eec_150,3482828,3439257,1.078153,
ils,best,"['transpose', 'exchange', 'insert']",c_and_w,0.2,10,10,N-be75eec_150,3482828,3428446,0.086427,
ils,best,"['transpose', 'exchange', 'insert']",c_and_w,0.2,10,10,N-be75eec_150,3482828,3428446,0.142353,
ils,best,"['transpose', 'exchange', 'insert']",c_and_w,0.2,10,10,N-be75eec_150,3482828,3439197,0.206186,
ils,best,"['transpose', 'exchange', 'insert']",c_and_w,0.2,10,10,N-be75eec_150,3482828,3445727,0.79278,
ils,best,"['transpose', 'exchange', 'insert']",c_and_w,0.2,10,10,N-be75eec_150,3482828,3449430,1.276738,
ils,best,"['transpose', 'exchange', 'insert']",c_and_w,0.2,10,10,N-be75eec_150,3482828,3449430,1.956938,
ils,best,"['transpose', 'exchange', 'insert']",c_and_w,0.2,100,0,N-be75eec_150,3482828,3428446,0.091575,
ils,best,"['transpose', 'exchange', 'insert']",c_and_w,0.2,100,0,N-be75eec_150,3482828,3434858,0.344714,
ils,best,"['transpose', 'exchange', 'insert']",c_and_w,0.2,100,0,N-be75eec_150,3482828,3439257,0.421825,
ils,best,"['transpose', 'exchange', 'insert']",c_and_w,0.2,100,0,N-be75eec_150,3482828,3439756,1.215934,
ils,best,"['transpose', 'exchange', 'insert']",c_and_w,0.2,100,0,N-be75eec_150,3482828,3442527,1.283799,
ils,best,"['transpose', 'exchange', 'insert']",c_and_w,0.2,100,0,N-be75eec_150,3482828,3443403,1.423679,
ils,best,"['transpose', 'exchange', 'insert']",c_and_w,0.2,100,0,N-be75eec_150,3482828,3443676,3.544055,
ils,best,"['transpose', 'exchange', 'insert']",c_and_w,0.2,100,0,N-be75eec_150,3482828,3444140,8.587834,
ils,best,"['transpose', 'exchange', 'insert']",c_and_w,0.2,100,0,N-be75eec_150,3482828,3444974,9.905808,
ils,best,"['transpose', 'exchange', 'insert']",c_and_w,0.2,100,0,N-be75eec_150,3482828,3445235,11.505608,
ils,best,"['transpose', 'exchange', 'insert']",c_and_w,0.2,100,0,N-be75eec_150,3482828,3449111,12.563455,
ils,best,"['transpose', 'exchange', 'insert']",c_and_w,0.2,100,0,N-be75eec_150,3482828,3449285,15.340537,
ils,best,"['transpose', 'exchange', 'insert']",c_and_w,0.2,100,0,N-be75eec_150,3482828,3449614,18.877949,
ils,best,"['transpose', 'exchange', 'insert']",c_and_w,0.2,100,0,N-be75eec_150,3482828,3453075,20.756651,
ils,best,"['transpose', 'exchange', 'insert']",c_and_w,0.2,100,0,N-be75eec_150,3482828,3453245,21.188057,
ils,best,"['transpose', 'exchange', 'insert']",c_and_w,0.2,100,0,N-be75eec_150,3482828,3454742,23.844313,
ils,best,"['transpose', 'exchange', 'insert']",c_and_w,0.2,100,0,N-be75eec_150,3482828,3455855,25.13175,
ils,best,"['transpose', 'exchange', 'insert']",c_and_w,0.2,100,0,N-be75eec_150,3482828,3457059,27.022381,
ils,best,"['transpose', 'exchange', 'insert']",c_and_w,0.2,100,0,N-be75eec_150,3482828,3457325,28.639338,
ils,best,"['transpose', 'exchange', 'insert']",c_and_w,0.2,100,0,N-be75eec_150,3482828,3458103,31.657192,
ils,best,"['transpose', 'exchange', 'insert']",c_and_w,0.2,100,0,N-be75eec_150,3482828,3458103,36.394562,
ils,best,"['transpose', 'exchange', 'insert']",c_and_w,0.2,100,10,N-be75eec_150,3482828,3428446,0.085365,
ils,best,"['transpose', 'exchange', 'insert']",c_and_w,0.2,100,10,N-be75eec_150,3482828,3428446,0.143333,
ils,best,"['transpose', 'exchange', 'insert']",c_and_w,0.2,100,10,N-be75eec_150,3482828,3439197,0.213493,
ils,best,"['transpose', 'exchange', 'insert']",c_and_w,0.2,100,10,N-be75eec_150,3482828,3445727,0.805541,
ils,best,"['transpose', 'exchange', 'insert']",c_and_w,0.2,100,10,N-be75eec_150,3482828,3449430,1.288,
ils,best,"['transpose', 'exchange', 'insert']",c_and_w,0.2,100,10,N-be75eec_150,3482828,3450189,2.668323,
ils,best,"['transpose', 'exchange', 'insert']",c_and_w,0.2,100,10,N-be75eec_150,3482828,3452444,4.090513,
ils,best,"['transpose', 'exchange', 'insert']",c_and_w,0.2,100,10,N-be75eec_150,3482828,3452818,4.617014,
ils,best,"['transpose', 'exchange', 'insert']",c_and_w,0.2,100,10,N-be75eec_150,3482828,3453401,5.394617,
ils,best,"['transpose', 'exchange', 'insert']",c_and_w,0.2,100,10,N-be75eec_150,3482828,3453401,11.463557,
ils,best,"['transpose', 'exchange', 'insert']",c_and_w,0.5,10,0,N-be75eec_150,3482828,3413287,0.129339,
ils,best,"['transpose', 'exchange', 'insert']",c_and_w,0.5,10,0,N-be75eec_150,3482828,3425184,0.215522,
ils,best,"['transpose', 'exchange', 'insert']",c_and_w,0.5,10,0,N-be75eec_150,3482828,3425271,0.309245,
ils,best,"['transpose', 'exchange', 'insert']",c_and_w,0.5,10,0,N-be75eec_150,3482828,3434881,0.501378,
ils,best,"['transpose', 'exchange', 'insert']",c_and_w,0.5,10,0,N-be75eec_150,3482828,3434881,1.530065,
ils,best,"['transpose', 'exchange', 'insert']",c_and_w,0.5,10,10,N-be75eec_150,3482828,3413287,0.110898,
ils,best,"['transpose', 'exchange', 'insert']",c_and_w,0.5,10,10,N-be75eec_150,3482828,3425184,0.190749,
ils,best,"['transpose', 'exchange', 'insert']",c_and_w,0.5,10,10,N-be75eec_150,3482828,3425271,0.288767,
ils,best,"['transpose', 'exchange', 'insert']",c_and_w,0.5,10,10,N-be75eec_150,3482828,3434881,0.478796,
ils,best,"['transpose', 'exchange', 'insert']",c_and_w,0.5,10,10,N-be75eec_150,3482828,3434881,1.528244,
ils,best,"['transpose', 'exchange', 'insert']",c_and_w,0.5,100,0,N-be75eec_150,3482828,3413287,0.120442,
ils,best,"['transpose', 'exchange', 'insert']",c_and_w,0.5,100,0,N-be75eec_150,3482828,3425184,0.21349,
ils,best,"['transpose', 'exchange', 'insert']",c_and_w,0.5,100,0,N-be75eec_150,3482828,3425271,0.302832,
ils,best,"['transpose', 'exchange', 'insert']",c_and_w,0.5,100,0,N-be75eec_150,3482828,3434881,0.494781,
ils,best,"['transpose', 'exchange', 'insert']",c_and_w,0.5,100,0,N-be75eec_150,3482828,3435674,4.442367,
ils,best,"['transpose', 'exchange', 'insert']",c_and_w,0.5,100,0,N-be75eec_150,3482828,3436661,5.213412,
ils,best,"['transpose', 'exchange', 'insert']",c_and_w,0.5,100,0,N-be75eec_150,3482828,3436962,5.646766,
ils,best,"['transpose', 'exchange', 'insert']",c_and_w,0.5,100,0,N-be75eec_150,3482828,3441894,6.996604,
ils,best,"['transpose', 'exchange', 'insert']",c_and_w,0.5,100,0,N-be75eec_150,3482828,3441894,17.387695,
ils,best,"['transpose', 'exchange', 'insert']",c_and_w,0.5,100,10,N-be75eec_150,3482828,3413287,0.111561,
ils,best,"['transpose', 'exchange', 'insert']",c_and_w,0.5,100,10,N-be75eec_150,3482828,3425184,0.211392,
ils,best,"['transpose', 'exchange', 'insert']",c_and_w,0.5,100,10,N-be75eec_150,3482828,3425271,0.312412,
ils,best,"['transpose', 'exchange', 'insert']",c_and_w,0.5,100,10,N-be75eec_150,3482828,3434881,0.495497,
ils,best,"['transpose', 'exchange', 'insert']",c_and_w,0.5,100,10,N-be75eec_150,3482828,3435674,4.42573,
ils,best,"['transpose', 'exchange', 'insert']",c_and_w,0.5,100,10,N-be75eec_150,3482828,3436661,5.221561,
ils,best,"['transpose', 'exchange', 'insert']",c_and_w,0.5,100,10,N-be75eec_150,3482828,3436962,5.675331,
ils,best,"['transpose', 'exchange', 'insert']",c_and_w,0.5,100,10,N-be75eec_150,3482828,3441894,7.040407,
ils,best,"['transpose', 'exchange', 'insert']",c_and_w,0.5,100,10,N-be75eec_150,3482828,3441894,17.338312,
ils,best,"['transpose', 'exchange', 'insert']",c_and_w,0.8,10,0,N-be75eec_150,3482828,3410596,0.106661,
ils,best,"['transpose', 'exchange', 'insert']",c_and_w,0.8,10,0,N-be75eec_150,3482828,3413680,0.356311,
ils,best,"['transpose', 'exchange', 'insert']",c_and_w,0.8,10,0,N-be75eec_150,3482828,3415904,0.985123,
ils,best,"['transpose', 'exchange', 'insert']",c_and_w,0.8,10,0,N-be75eec_150,3482828,3415904,2.165334,
ils,best,"['transpose', 'exchange', 'insert']",c_and_w,0.8,10,10,N-be75eec_150,3482828,3410596,0.094722,
ils,best,"['transpose', 'exchange', 'insert']",c_and_w,0.8,10,10,N-be75eec_150,3482828,3413680,0.333969,
ils,best,"['transpose', 'exchange', 'insert']",c_and_w,0.8,10,10,N-be75eec_150,3482828,3415904,0.96201,
ils,best,"['transpose', 'exchange', 'insert']",c_and_w,0.8,10,10,N-be75eec_150,3482828,3415904,2.144139,
ils,best,"['transpose', 'exchange', 'insert']",c_and_w,0.8,100,0,N-be75eec_150,3482828,3410596,0.105944,
ils,best,"['transpose', 'exchange', 'insert']",c_and_w,0.8,100,0,N-be75eec_150,3482828,3413680,0.349477,
ils,best,"['transpose', 'exchange', 'insert']",c_and_w,0.8,100,0,N-be75eec_150,3482828,3415904,0.980185,
ils,best,"['transpose', 'exchange', 'insert']",c_and_w,0.8,100,0,N-be75eec_150,3482828,3429287,3.62138,
ils,best,"['transpose', 'exchange', 'insert']",c_and_w,0.8,100,0,N-be75eec_150,3482828,3437422,4.970402,
ils,best,"['transpose', 'exchange', 'insert']",c_and_w,0.8,100,0,N-be75eec_150,3482828,3437422,16.190062,
ils,best,"['transpose', 'exchange', 'insert']",c_and_w,0.8,100,10,N-be75eec_150,3482828,3410596,0.106857,
ils,best,"['transpose', 'exchange', 'insert']",c_and_w,0.8,100,10,N-be75eec_150,3482828,3413680,0.362589,
ils,best,"['transpose', 'exchange', 'insert']",c_and_w,0.8,100,10,N-be75eec_150,3482828,3415904,0.999521,
ils,best,"['transpose', 'exchange', 'insert']",c_and_w,0.8,100,10,N-be75eec_150,3482828,3429287,3.596622,
ils,best,"['transpose', 'exchange', 'insert']",c_and_w,0.8,100,10,N-be75eec_150,3482828,3437422,4.965078,
ils,best,"['transpose', 'exchange', 'insert']",c_and_w,0.8,100,10,N-be75eec_150,3482828,3437422,16.146671,
ils,best,"['transpose', 'exchange', 'insert']",random,0.2,10,0,N-be75eec_150,3482828,3404401,0.080028,
ils,best,"['transpose', 'exchange', 'insert']",random,0.2,10,0,N-be75eec_150,3482828,3405115,0.149744,
ils,best,"['transpose', 'exchange', 'insert']",random,0.2,10,0,N-be75eec_150,3482828,3406848,0.196184,
ils,best,"['transpose', 'exchange', 'insert']",random,0.2,10,0,N-be75eec_150,3482828,3416260,0.324098,
ils,best,"['transpose', 'exchange', 'insert']",random,0.2,10,0,N-be75eec_150,3482828,3422128,0.478244,
ils,best,"['transpose', 'exchange', 'insert']",random,0.2,10,0,N-be75eec_150,3482828,3424309,0.641335,
ils,best,"['transpose', 'exchange', 'insert']",random,0.2,10,0,N-be75eec_150,3482828,3428676,0.762134,
ils,best,"['transpose', 'exchange', 'insert']",random,0.2,10,0,N-be75eec_150,3482828,3436674,0.826837,
ils,best,"['transpose', 'exchange', 'insert']",random,0.2,10,0,N-be75eec_150,3482828,3438856,0.874015,
ils,best,"['transpose', 'exchange', 'insert']",random,0.2,10,0,N-be75eec_150,3482828,3442633,0.991423,
ils,best,"['transpose', 'exchange', 'insert']",random,0.2,10,0,N-be75eec_150,3482828,3445470,1.332171,
ils,best,"['transpose', 'exchange', 'insert']",random,0.2,10,0,N-be75eec_150,3482828,3452187,1.544419,
ils,best,"['transpose', 'exchange', 'insert']",random,0.2,10,0,N-be75eec_150,3482828,3452187,2.164694,
ils,best,"['transpose', 'exchange', 'insert']",random,0.2,10,10,N-be75eec_150,3482828,3404401,0.082042,
ils,best,"['transpose', 'exchange', 'insert']",random,0.2,10,10,N-be75eec_150,3482828,3405115,0.170924,
ils,best,"['transpose', 'exchange', 'insert']",random,0.2,10,10,N-be75eec_150,3482828,3406848,0.223644,
ils,best,"['transpose', 'exchange', 'insert']",random,0.2,10,10,N-be75eec_150,3482828,3416260,0.345942,
ils,best,"['transpose', 'exchange', 'insert']",random,0.2,10,10,N-be75eec_150,3482828,3422128,0.499229,
ils,best,"['transpose', 'exchange', 'insert']",random,0.2,10,10,N-be75eec_150,3482828,3424309,0.669924,
ils,best,"['transpose', 'exchange', 'insert']",random,0.2,10,10,N-be75eec_150,3482828,3428676,0.779198,
ils,best,"['transpose', 'exchange', 'insert']",random,0.2,10,10,N-be75eec_150,3482828,3436674,0.843925,
ils,best,"['transpose', 'exchange', 'insert']",random,0.2,10,10,N-be75eec_150,3482828,3438856,0.890982,
ils,best,"['transpose', 'exchange', 'insert']",random,0.2,10,10,N-be75eec_150,3482828,3442633,1.013325,
ils,best,"['transpose', 'exchange', 'insert']",random,0.2,10,10,N-be75eec_150,3482828,3445470,1.337406,
ils,best,"['transpose', 'exchange', 'insert']",random,0.2,10,10,N-be75eec_150,3482828,3452187,1.557907,
ils,best,"['transpose', 'exchange', 'insert']",random,0.2,10,10,N-be75eec_150,3482828,3452187,2.22381,
ils,best,"['transpose', 'exchange', 'insert']",random,0.2,100,0,N-be75eec_150,3482828,3404401,0.076782,
ils,best,"['transpose', 'exchange', 'insert']",random,0.2,100,0,N-be75eec_150,3482828,3405115,0.147317,
ils,best,"['transpose', 'exchange', 'insert']",random,0.2,100,0,N-be75eec_150,3482828,3406848,0.199068,
ils,best,"['transpose', 'exchange', 'insert']",random,0.2,100,0,N-be75eec_150,3482828,3416260,0.324858,
ils,best,"['transpose', 'exchange', 'insert']",random,0.2,100,0,N-be75eec_150,3482828,3422128,0.472848,
ils,best,"['transpose', 'exchange', 'insert']",random,0.2,100,0,N-be75eec_150,3482828,3424309,0.631965,
ils,best,"['transpose', 'exchange', 'insert']",random,0.2,100,0,N-be75eec_150,3482828,3428676,0.74831,
ils,best,"['transpose', 'exchange', 'insert']",random,0.2,100,0,N-be75eec_150,3482828,3436674,0.818897,
ils,best,"['transpose', 'exchange', 'insert']",random,0.2,100,0,N-be75eec_150,3482828,3438856,0.867706,
ils,best,"['transpose', 'exchange', 'insert']",random,0.2,100,0,N-be75eec_150,3482828,3442633,0.984361,
ils,best,"['transpose', 'exchange', 'insert']",random,0.2,100,0,N-be75eec_150,3482828,3445470,1.302299,
ils,best,"['transpose', 'exchange', 'insert']",random,0.2,100,0,N-be75eec_150,3482828,3452187,1.517844,
ils,best,"['transpose', 'exchange', 'insert']",random,0.2,100,0,N-be75eec_150,3482828,3453550,3.652976,
ils,best,"['transpose', 'exchange', 'insert']",random,0.2,100,0,N-be75eec_150,3482828,3453664,5.693159,
ils,best,"['transpose', 'exchange', 'insert']",random,0.2,100,0,N-be75eec_150,3482828,3454368,8.524451,
ils,best,"['transpose', 'exchange', 'insert']",random,0.2,100,0,N-be75eec_150,3482828,3454562,8.792222,
ils,best,"['transpose', 'exchange', 'insert']",random,0.2,100,0,N-be75eec_150,3482828,3454583,8.839693,
ils,best,"['transpose', 'exchange', 'insert']",random,0.2,100,0,N-be75eec_150,3482828,3455384,9.721021,
ils,best,"['transpose', 'exchange', 'insert']",random,0.2,100,0,N-be75eec_150,3482828,3455745,11.818548,
ils,best,"['transpose', 'exchange', 'insert']",random,0.2,100,0,N-be75eec_150,3482828,3455793,13.922864,
ils,best,"['transpose', 'exchange', 'insert']",random,0.2,100,0,N-be75eec_150,3482828,3455793,18.850605,
ils,best,"['transpose', 'exchange', 'insert']",random,0.2,100,10,N-be75eec_150,3482828,3404401,0.082307,
ils,best,"['transpose', 'exchange', 'insert']",random,0.2,100,10,N-be75eec_150,3482828,3405115,0.156802,
ils,best,"['transpose', 'exchange', 'insert']",random,0.2,100,10,N-be75eec_150,3482828,3406848,0.215184,
ils,best,"['transpose', 'exchange', 'insert']",random,0.2,100,10,N-be75eec_150,3482828,3416260,0.340633,
ils,best,"['transpose', 'exchange', 'insert']",random,0.2,100,10,N-be75eec_150,3482828,3422128,0.494715,
ils,best,"['transpose', 'exchange', 'insert']",random,0.2,100,10,N-be75eec_150,3482828,3424309,0.651615,
ils,best,"['transpose', 'exchange', 'insert']",random,0.2,100,10,N-be75eec_150,3482828,3428676,0.763468,
ils,best,"['transpose', 'exchange', 'insert']",random,0.2,100,10,N-be75eec_150,3482828,3436674,0.833779,
ils,best,"['transpose', 'exchange', 'insert']",random,0.2,100,10,N-be75eec_150,3482828,3438856,0.875212,
ils,best,"['transpose', 'exchange', 'insert']",random,0.2,100,10,N-be75eec_150,3482828,3442633,0.98877,
ils,best,"['transpose', 'exchange', 'insert']",random,0.2,100,10,N-be75eec_150,3482828,3445470,1.332104,
ils,best,"['transpose', 'exchange', 'insert']",random,0.2,100,10,N-be75eec_150,3482828,3452187,1.536719,
ils,best,"['transpose', 'exchange', 'insert']",random,0.2,100,10,N-be75eec_150,3482828,3453550,3.611638,
ils,best,"['transpose', 'exchange', 'insert']",random,0.2,100,10,N-be75eec_150,3482828,3453664,5.643866,
ils,best,"['transpose', 'exchange', 'insert']",random,0.2,100,10,N-be75eec_150,3482828,3454368,8.490167,
ils,best,"['transpose', 'exchange', 'insert']",random,0.2,100,10,N-be75eec_150,3482828,3454562,8.755482,
ils,best,"['transpose', 'exchange', 'insert']",random,0.2,100,10,N-be75eec_150,3482828,3454583,8.801127,
ils,best,"['transpose', 'exchange', 'insert']",random,0.2,100,10,N-be75eec_150,3482828,3455384,9.684101,
ils,best,"['transpose', 'exchange', 'insert']",random,0.2,100,10,N-be75eec_150,3482828,3455745,11.706831,
ils,best,"['transpose', 'exchange', 'insert']",random,0.2,100,10,N-be75eec_150,3482828,3455793,13.817998,
ils,best,"['transpose', 'exchange', 'insert']",random,0.2,100,10,N-be75eec_150,3482828,3455793,18.694122,
ils,best,"['transpose', 'exchange', 'insert']",random,0.5,10,0,N-be75eec_150,3482828,3430809,0.109976,
ils,best,"['transpose', 'exchange', 'insert']",random,0.5,10,0,N-be75eec_150,3482828,3433330,0.781141,
ils,best,"['transpose', 'exchange', 'insert']",random,0.5,10,0,N-be75eec_150,3482828,3433330,1.936006,
ils,best,"['transpose', 'exchange', 'insert']",random,0.5,10,10,N-be75eec_150,3482828,3430809,0.112557,
ils,best,"['transpose', 'exchange', 'insert']",random,0.5,10,10,N-be75eec_150,3482828,3433330,0.809559,
ils,best,"['transpose', 'exchange', 'insert']",random,0.5,10,10,N-be75eec_150,3482828,3433330,1.929383,
ils,best,"['transpose', 'exchange', 'insert']",random,0.5,100,0,N-be75eec_150,3482828,3430809,0.110976,
ils,best,"['transpose', 'exchange', 'insert']",random,0.5,100,0,N-be75eec_150,3482828,3433330,0.773548,
ils,best,"['transpose', 'exchange', 'insert']",random,0.5,100,0,N-be75eec_150,3482828,3433381,5.362453,
ils,best,"['transpose', 'exchange', 'insert']",random,0.5,100,0,N-be75eec_150,3482828,3434419,5.468855,
ils,best,"['transpose', 'exchange', 'insert']",random,0.5,100,0,N-be75eec_150,3482828,3436521,8.171319,
ils,best,"['transpose', 'exchange', 'insert']",random,0.5,100,0,N-be75eec_150,3482828,3450626,10.888077,
ils,best,"['transpose', 'exchange', 'insert']",random,0.5,100,0,N-be75eec_150,3482828,3450626,19.477928,
ils,best,"['transpose', 'exchange', 'insert']",random,0.5,100,10,N-be75eec_150,3482828,3430809,0.122834,
ils,best,"['transpose', 'exchange', 'insert']",random,0.5,100,10,N-be75eec_150,3482828,3433330,0.810459,
ils,best,"['transpose', 'exchange', 'insert']",random,0.5,100,10,N-be75eec_150,3482828,3433381,5.50212,
ils,best,"['transpose', 'exchange', 'insert']",random,0.5,100,10,N-be75eec_150,3482828,3434419,5.613677,
ils,best,"['transpose', 'exchange', 'insert']",random,0.5,100,10,N-be75eec_150,3482828,3436521,8.380459,
ils,best,"['transpose', 'exchange', 'insert']",random,0.5,100,10,N-be75eec_150,3482828,3450626,11.043191,
ils,best,"['transpose', 'exchange', 'insert']",random,0.5,100,10,N-be75eec_150,3482828,3450626,19.540596,
ils,best,"['transpose', 'exchange', 'insert']",random,0.8,10,0,N-be75eec_150,3482828,3409441,0.1256,
ils,best,"['transpose', 'exchange', 'insert']",random,0.8,10,0,N-be75eec_150,3482828,3431222,1.025117,
ils,best,"['transpose', 'exchange', 'insert']",random,0.8,10,0,N-be75eec_150,3482828,3431222,2.150798,
ils,best,"['transpose', 'exchange', 'insert']",random,0.8,10,10,N-be75eec_150,3482828,3409441,0.130509,
ils,best,"['transpose', 'exchange', 'insert']",random,0.8,10,10,N-be75eec_150,3482828,3431222,1.047843,
ils,best,"['transpose', 'exchange', 'insert']",random,0.8,10,10,N-be75eec_150,3482828,3431222,2.213992,
ils,best,"['transpose', 'exchange', 'insert']",random,0.8,100,0,N-be75eec_150,3482828,3409441,0.129924,
ils,best,"['transpose', 'exchange', 'insert']",random,0.8,100,0,N-be75eec_150,3482828,3431222,1.068444,
ils,best,"['transpose', 'exchange', 'insert']",random,0.8,100,0,N-be75eec_150,3482828,3438726,4.762958,
ils,best,"['transpose', 'exchange', 'insert']",random,0.8,100,0,N-be75eec_150,3482828,3438726,15.033423,
ils,best,"['transpose', 'exchange', 'insert']",random,0.8,100,10,N-be75eec_150,3482828,3409441,0.129773,
ils,best,"['transpose', 'exchange', 'insert']",random,0.8,100,10,N-be75eec_150,3482828,3431222,1.02163,
ils,best,"['transpose', 'exchange', 'insert']",random,0.8,100,10,N-be75eec_150,3482828,3438726,4.727941,
ils,best,"['transpose', 'exchange', 'insert']",random,0.8,100,10,N-be75eec_150,3482828,3438726,14.511467,
