algo,pivot,neighborhood,sol_start,instance,best_known_cost,cost,elapsed_seconds,solution
vnd,first,['transpose'],random,N-be75eec_150,3482828,2169797,1.3e-05,
vnd,first,['transpose'],c_and_w,N-be75eec_150,3482828,2657351,1.1e-05,
vnd,first,['exchange'],random,N-be75eec_150,3482828,3396593,0.380417,
vnd,first,['exchange'],c_and_w,N-be75eec_150,3482828,3379429,0.288687,
vnd,first,['insert'],random,N-be75eec_150,3482828,3328604,0.146909,
vnd,first,['insert'],c_and_w,N-be75eec_150,3482828,3333196,0.138334,
vnd,best,['transpose'],random,N-be75eec_150,3482828,2182589,2.7e-05,
vnd,best,['transpose'],c_and_w,N-be75eec_150,3482828,2660170,2.9e-05,
vnd,best,['exchange'],random,N-be75eec_150,3482828,3373535,0.080143,
vnd,best,['exchange'],c_and_w,N-be75eec_150,3482828,3346308,0.062835,
vnd,best,['insert'],random,N-be75eec_150,3482828,3369650,0.125784,
vnd,best,['insert'],c_and_w,N-be75eec_150,3482828,3381254,0.132933,
vnd,first,['transpose'],random,N-be75eec_150,7174325,2169797,1.1e-05,
vnd,first,['transpose'],c_and_w,N-be75eec_150,7174325,2657351,1.1e-05,
vnd,first,['exchange'],random,N-be75eec_150,7174325,3396593,0.377813,
vnd,first,['exchange'],c_and_w,N-be75eec_150,7174325,3379429,0.285288,
vnd,first,['insert'],random,N-be75eec_150,7174325,3328604,0.131171,
vnd,first,['insert'],c_and_w,N-be75eec_150,7174325,3333196,0.136797,
vnd,best,['transpose'],random,N-be75eec_150,7174325,2182589,6.8e-05,
vnd,best,['transpose'],c_and_w,N-be75eec_150,7174325,2660170,2.9e-05,
vnd,best,['exchange'],random,N-be75eec_150,7174325,3373535,0.071253,
vnd,best,['exchange'],c_and_w,N-be75eec_150,7174325,3346308,0.06289,
vnd,best,['insert'],random,N-be75eec_150,7174325,3369650,0.12373,
vnd,best,['insert'],c_and_w,N-be75eec_150,7174325,3381254,0.132608,
vnd,first,['transpose'],random,N-be75eec_150,2246534,2169797,1e-05,
vnd,first,['transpose'],c_and_w,N-be75eec_150,2246534,2657351,3.2e-05,
vnd,first,['exchange'],random,N-be75eec_150,2246534,3396593,0.345612,
vnd,first,['exchange'],c_and_w,N-be75eec_150,2246534,3379429,0.302349,
vnd,first,['insert'],random,N-be75eec_150,2246534,3328604,0.130052,
vnd,first,['insert'],c_and_w,N-be75eec_150,2246534,3333196,0.13605,
vnd,best,['transpose'],random,N-be75eec_150,2246534,2182589,6.8e-05,
vnd,best,['transpose'],c_and_w,N-be75eec_150,2246534,2660170,2.8e-05,
vnd,best,['exchange'],random,N-be75eec_150,2246534,3373535,0.091885,
vnd,best,['exchange'],c_and_w,N-be75eec_150,2246534,3346308,0.065697,
vnd,best,['insert'],random,N-be75eec_150,2246534,3369650,0.124576,
vnd,best,['insert'],c_and_w,N-be75eec_150,2246534,3381254,0.130836,
vnd,first,['transpose'],random,N-be75eec_150,12287707,2169797,1e-05,
vnd,first,['transpose'],c_and_w,N-be75eec_150,12287707,2657351,1.3e-05,
vnd,first,['exchange'],random,N-be75eec_150,12287707,3396593,0.374421,
vnd,first,['exchange'],c_and_w,N-be75eec_150,12287707,3379429,0.280601,
vnd,first,['insert'],random,N-be75eec_150,12287707,3328604,0.133293,
vnd,first,['insert'],c_and_w,N-be75eec_150,12287707,3333196,0.131587,
vnd,best,['transpose'],random,N-be75eec_150,12287707,2182589,2.7e-05,
vnd,best,['transpose'],c_and_w,N-be75eec_150,12287707,2660170,7.2e-05,
vnd,best,['exchange'],random,N-be75eec_150,12287707,3373535,0.075382,
vnd,best,['exchange'],c_and_w,N-be75eec_150,12287707,3346308,0.072005,
vnd,best,['insert'],random,N-be75eec_150,12287707,3369650,0.11713,
vnd,best,['insert'],c_and_w,N-be75eec_150,12287707,3381254,0.140324,
vnd,first,['transpose'],random,N-be75eec_150,2875732,2169797,2.9e-05,
vnd,first,['transpose'],c_and_w,N-be75eec_150,2875732,2657351,3e-05,
vnd,first,['exchange'],random,N-be75eec_150,2875732,3396593,0.364121,
vnd,first,['exchange'],c_and_w,N-be75eec_150,2875732,3379429,0.294418,
vnd,first,['insert'],random,N-be75eec_150,2875732,3328604,0.143337,
vnd,first,['insert'],c_and_w,N-be75eec_150,2875732,3333196,0.126313,
vnd,best,['transpose'],random,N-be75eec_150,2875732,2182589,6.7e-05,
vnd,best,['transpose'],c_and_w,N-be75eec_150,2875732,2660170,7.3e-05,
vnd,best,['exchange'],random,N-be75eec_150,2875732,3373535,0.068483,
vnd,best,['exchange'],c_and_w,N-be75eec_150,2875732,3346308,0.064738,
vnd,best,['insert'],random,N-be75eec_150,2875732,3369650,0.122576,
vnd,best,['insert'],c_and_w,N-be75eec_150,2875732,3381254,0.137293,
vnd,first,['transpose'],random,N-be75eec_150,4327538,2169797,1e-05,
vnd,first,['transpose'],c_and_w,N-be75eec_150,4327538,2657351,1.2e-05,
vnd,first,['exchange'],random,N-be75eec_150,4327538,3396593,0.355788,
vnd,first,['exchange'],c_and_w,N-be75eec_150,4327538,3379429,0.3055,
vnd,first,['insert'],random,N-be75eec_150,4327538,3328604,0.124156,
vnd,first,['insert'],c_and_w,N-be75eec_150,4327538,3333196,0.132711,
vnd,best,['transpose'],random,N-be75eec_150,4327538,2182589,2.7e-05,
vnd,best,['transpose'],c_and_w,N-be75eec_150,4327538,2660170,2.9e-05,
vnd,best,['exchange'],random,N-be75eec_150,4327538,3373535,0.076811,
vnd,best,['exchange'],c_and_w,N-be75eec_150,4327538,3346308,0.076424,
vnd,best,['insert'],random,N-be75eec_150,4327538,3369650,0.131334,
vnd,best,['insert'],c_and_w,N-be75eec_150,4327538,3381254,0.137188,
vnd,first,['transpose'],random,N-be75eec_150,4510445,2169797,2.8e-05,
vnd,first,['transpose'],c_and_w,N-be75eec_150,4510445,2657351,1.3e-05,
vnd,first,['exchange'],random,N-be75eec_150,4510445,3396593,0.372822,
vnd,first,['exchange'],c_and_w,N-be75eec_150,4510445,3379429,0.290434,
vnd,first,['insert'],random,N-be75eec_150,4510445,3328604,0.135813,
vnd,first,['insert'],c_and_w,N-be75eec_150,4510445,3333196,0.138329,
vnd,best,['transpose'],random,N-be75eec_150,4510445,2182589,2.7e-05,
vnd,best,['transpose'],c_and_w,N-be75eec_150,4510445,2660170,7.4e-05,
vnd,best,['exchange'],random,N-be75eec_150,4510445,3373535,0.078946,
vnd,best,['exchange'],c_and_w,N-be75eec_150,4510445,3346308,0.061816,
vnd,best,['insert'],random,N-be75eec_150,4510445,3369650,0.137469,
vnd,best,['insert'],c_and_w,N-be75eec_150,4510445,3381254,0.114967,
vnd,first,['transpose'],random,N-be75eec_150,3239550,2169797,1e-05,
vnd,first,['transpose'],c_and_w,N-be75eec_150,3239550,2657351,3.4e-05,
vnd,first,['exchange'],random,N-be75eec_150,3239550,3396593,0.350574,
vnd,first,['exchange'],c_and_w,N-be75eec_150,3239550,3379429,0.286924,
vnd,first,['insert'],random,N-be75eec_150,3239550,3328604,0.13867,
vnd,first,['insert'],c_and_w,N-be75eec_150,3239550,3333196,0.155489,
vnd,best,['transpose'],random,N-be75eec_150,3239550,2182589,6.9e-05,
vnd,best,['transpose'],c_and_w,N-be75eec_150,3239550,2660170,7.3e-05,
vnd,best,['exchange'],random,N-be75eec_150,3239550,3373535,0.073626,
vnd,best,['exchange'],c_and_w,N-be75eec_150,3239550,3346308,0.071358,
vnd,best,['insert'],random,N-be75eec_150,3239550,3369650,0.13695,
vnd,best,['insert'],c_and_w,N-be75eec_150,3239550,3381254,0.121722,
vnd,first,['transpose'],random,N-be75eec_150,1462697,2169797,1.1e-05,
vnd,first,['transpose'],c_and_w,N-be75eec_150,1462697,2657351,3e-05,
vnd,first,['exchange'],random,N-be75eec_150,1462697,3396593,0.358076,
vnd,first,['exchange'],c_and_w,N-be75eec_150,1462697,3379429,0.299564,
vnd,first,['insert'],random,N-be75eec_150,1462697,3328604,0.124916,
vnd,first,['insert'],c_and_w,N-be75eec_150,1462697,3333196,0.128915,
vnd,best,['transpose'],random,N-be75eec_150,1462697,2182589,6.9e-05,
vnd,best,['transpose'],c_and_w,N-be75eec_150,1462697,2660170,2.8e-05,
vnd,best,['exchange'],random,N-be75eec_150,1462697,3373535,0.07048,
vnd,best,['exchange'],c_and_w,N-be75eec_150,1462697,3346308,0.058027,
vnd,best,['insert'],random,N-be75eec_150,1462697,3369650,0.115602,
vnd,best,['insert'],c_and_w,N-be75eec_150,1462697,3381254,0.145268,
vnd,first,['transpose'],random,N-be75eec_150,1543733,2169797,1e-05,
vnd,first,['transpose'],c_and_w,N-be75eec_150,1543733,2657351,3.1e-05,
vnd,first,['exchange'],random,N-be75eec_150,1543733,3396593,0.392469,
vnd,first,['exchange'],c_and_w,N-be75eec_150,1543733,3379429,0.291093,
vnd,first,['insert'],random,N-be75eec_150,1543733,3328604,0.127932,
vnd,first,['insert'],c_and_w,N-be75eec_150,1543733,3333196,0.134185,
vnd,best,['transpose'],random,N-be75eec_150,1543733,2182589,2.6e-05,
vnd,best,['transpose'],c_and_w,N-be75eec_150,1543733,2660170,8.3e-05,
vnd,best,['exchange'],random,N-be75eec_150,1543733,3373535,0.080562,
vnd,best,['exchange'],c_and_w,N-be75eec_150,1543733,3346308,0.065463,
vnd,best,['insert'],random,N-be75eec_150,1543733,3369650,0.12807,
vnd,best,['insert'],c_and_w,N-be75eec_150,1543733,3381254,0.120885,
vnd,first,['transpose'],random,N-be75eec_150,318960,2169797,2.8e-05,
vnd,first,['transpose'],c_and_w,N-be75eec_150,318960,2657351,3.1e-05,
vnd,first,['exchange'],random,N-be75eec_150,318960,3396593,0.365049,
vnd,first,['exchange'],c_and_w,N-be75eec_150,318960,3379429,0.306072,
vnd,first,['insert'],random,N-be75eec_150,318960,3328604,0.14592,
vnd,first,['insert'],c_and_w,N-be75eec_150,318960,3333196,0.13503,
vnd,best,['transpose'],random,N-be75eec_150,318960,2182589,2.7e-05,
vnd,best,['transpose'],c_and_w,N-be75eec_150,318960,2660170,7.3e-05,
vnd,best,['exchange'],random,N-be75eec_150,318960,3373535,0.067359,
vnd,best,['exchange'],c_and_w,N-be75eec_150,318960,3346308,0.059382,
vnd,best,['insert'],random,N-be75eec_150,318960,3369650,0.133069,
vnd,best,['insert'],c_and_w,N-be75eec_150,318960,3381254,0.145791,
vnd,first,['transpose'],random,N-be75eec_150,6453836,2169797,2.8e-05,
vnd,first,['transpose'],c_and_w,N-be75eec_150,6453836,2657351,3e-05,
vnd,first,['exchange'],random,N-be75eec_150,6453836,3396593,0.380453,
vnd,first,['exchange'],c_and_w,N-be75eec_150,6453836,3379429,0.299865,
vnd,first,['insert'],random,N-be75eec_150,6453836,3328604,0.130984,
vnd,first,['insert'],c_and_w,N-be75eec_150,6453836,3333196,0.131812,
vnd,best,['transpose'],random,N-be75eec_150,6453836,2182589,6.8e-05,
vnd,best,['transpose'],c_and_w,N-be75eec_150,6453836,2660170,7.4e-05,
vnd,best,['exchange'],random,N-be75eec_150,6453836,3373535,0.064969,
vnd,best,['exchange'],c_and_w,N-be75eec_150,6453836,3346308,0.059665,
vnd,best,['insert'],random,N-be75eec_150,6453836,3369650,0.127258,
vnd,best,['insert'],c_and_w,N-be75eec_150,6453836,3381254,0.127779,
vnd,first,['transpose'],random,N-be75eec_150,3559347,2169797,1.2e-05,
vnd,first,['transpose'],c_and_w,N-be75eec_150,3559347,2657351,1.1e-05,
vnd,first,['exchange'],random,N-be75eec_150,3559347,3396593,0.378933,
vnd,first,['exchange'],c_and_w,N-be75eec_150,3559347,3379429,0.276874,
vnd,first,['insert'],random,N-be75eec_150,3559347,3328604,0.161233,
vnd,first,['insert'],c_and_w,N-be75eec_150,3559347,3333196,0.126629,
vnd,best,['transpose'],random,N-be75eec_150,3559347,2182589,7.7e-05,
vnd,best,['transpose'],c_and_w,N-be75eec_150,3559347,2660170,7.3e-05,
vnd,best,['exchange'],random,N-be75eec_150,3559347,3373535,0.073605,
vnd,best,['exchange'],c_and_w,N-be75eec_150,3559347,3346308,0.058084,
vnd,best,['insert'],random,N-be75eec_150,3559347,3369650,0.118574,
vnd,best,['insert'],c_and_w,N-be75eec_150,3559347,3381254,0.132785,
vnd,first,['transpose'],random,N-be75eec_150,3159326,2169797,2.8e-05,
vnd,first,['transpose'],c_and_w,N-be75eec_150,3159326,2657351,3e-05,
vnd,first,['exchange'],random,N-be75eec_150,3159326,3396593,0.385602,
vnd,first,['exchange'],c_and_w,N-be75eec_150,3159326,3379429,0.30315,
vnd,first,['insert'],random,N-be75eec_150,3159326,3328604,0.158912,
vnd,first,['insert'],c_and_w,N-be75eec_150,3159326,3333196,0.135944,
vnd,best,['transpose'],random,N-be75eec_150,3159326,2182589,2.6e-05,
vnd,best,['transpose'],c_and_w,N-be75eec_150,3159326,2660170,7.3e-05,
vnd,best,['exchange'],random,N-be75eec_150,3159326,3373535,0.081768,
vnd,best,['exchange'],c_and_w,N-be75eec_150,3159326,3346308,0.066444,
vnd,best,['insert'],random,N-be75eec_150,3159326,3369650,0.116398,
vnd,best,['insert'],c_and_w,N-be75eec_150,3159326,3381254,0.121286,
vnd,first,['transpose'],random,N-be75eec_150,253396,2169797,1e-05,
vnd,first,['transpose'],c_and_w,N-be75eec_150,253396,2657351,3.1e-05,
vnd,first,['exchange'],random,N-be75eec_150,253396,3396593,0.351922,
vnd,first,['exchange'],c_and_w,N-be75eec_150,253396,3379429,0.293313,
vnd,first,['insert'],random,N-be75eec_150,253396,3328604,0.133839,
vnd,first,['insert'],c_and_w,N-be75eec_150,253396,3333196,0.146939,
vnd,best,['transpose'],random,N-be75eec_150,253396,2182589,6.8e-05,
vnd,best,['transpose'],c_and_w,N-be75eec_150,253396,2660170,2.9e-05,
vnd,best,['exchange'],random,N-be75eec_150,253396,3373535,0.064913,
vnd,best,['exchange'],c_and_w,N-be75eec_150,253396,3346308,0.072205,
vnd,best,['insert'],random,N-be75eec_150,253396,3369650,0.123057,
vnd,best,['insert'],c_and_w,N-be75eec_150,253396,3381254,0.130815,
vnd,first,['transpose'],random,N-be75eec_150,550733,2169797,1.2e-05,
vnd,first,['transpose'],c_and_w,N-be75eec_150,550733,2657351,3.2e-05,
vnd,first,['exchange'],random,N-be75eec_150,550733,3396593,0.371459,
vnd,first,['exchange'],c_and_w,N-be75eec_150,550733,3379429,0.302204,
vnd,first,['insert'],random,N-be75eec_150,550733,3328604,0.139198,
vnd,first,['insert'],c_and_w,N-be75eec_150,550733,3333196,0.130725,
vnd,best,['transpose'],random,N-be75eec_150,550733,2182589,6.9e-05,
vnd,best,['transpose'],c_and_w,N-be75eec_150,550733,2660170,7.4e-05,
vnd,best,['exchange'],random,N-be75eec_150,550733,3373535,0.069872,
vnd,best,['exchange'],c_and_w,N-be75eec_150,550733,3346308,0.059992,
vnd,best,['insert'],random,N-be75eec_150,550733,3369650,0.116395,
vnd,best,['insert'],c_and_w,N-be75eec_150,550733,3381254,0.124435,
vnd,first,['transpose'],random,N-be75eec_150,11855957,2169797,1.1e-05,
vnd,first,['transpose'],c_and_w,N-be75eec_150,11855957,2657351,4.2e-05,
vnd,first,['exchange'],random,N-be75eec_150,11855957,3396593,0.375292,
vnd,first,['exchange'],c_and_w,N-be75eec_150,11855957,3379429,0.318049,
vnd,first,['insert'],random,N-be75eec_150,11855957,3328604,0.134283,
vnd,first,['insert'],c_and_w,N-be75eec_150,11855957,3333196,0.139365,
vnd,best,['transpose'],random,N-be75eec_150,11855957,2182589,7.3e-05,
vnd,best,['transpose'],c_and_w,N-be75eec_150,11855957,2660170,7.2e-05,
vnd,best,['exchange'],random,N-be75eec_150,11855957,3373535,0.077231,
vnd,best,['exchange'],c_and_w,N-be75eec_150,11855957,3346308,0.065242,
vnd,best,['insert'],random,N-be75eec_150,11855957,3369650,0.116294,
vnd,best,['insert'],c_and_w,N-be75eec_150,11855957,3381254,0.123494,
vnd,first,['transpose'],random,N-be75eec_150,9647229,2169797,1.1e-05,
vnd,first,['transpose'],c_and_w,N-be75eec_150,9647229,2657351,3.8e-05,
vnd,first,['exchange'],random,N-be75eec_150,9647229,3396593,0.361763,
vnd,first,['exchange'],c_and_w,N-be75eec_150,9647229,3379429,0.296876,
vnd,first,['insert'],random,N-be75eec_150,9647229,3328604,0.13601,
vnd,first,['insert'],c_and_w,N-be75eec_150,9647229,3333196,0.127511,
vnd,best,['transpose'],random,N-be75eec_150,9647229,2182589,6.7e-05,
vnd,best,['transpose'],c_and_w,N-be75eec_150,9647229,2660170,7.3e-05,
vnd,best,['exchange'],random,N-be75eec_150,9647229,3373535,0.074817,
vnd,best,['exchange'],c_and_w,N-be75eec_150,9647229,3346308,0.059576,
vnd,best,['insert'],random,N-be75eec_150,9647229,3369650,0.117124,
vnd,best,['insert'],c_and_w,N-be75eec_150,9647229,3381254,0.133919,
vnd,first,['transpose'],random,N-be75eec_150,5825147,2169797,1.2e-05,
vnd,first,['transpose'],c_and_w,N-be75eec_150,5825147,2657351,1.2e-05,
vnd,first,['exchange'],random,N-be75eec_150,5825147,3396593,0.364897,
vnd,first,['exchange'],c_and_w,N-be75eec_150,5825147,3379429,0.305805,
vnd,first,['insert'],random,N-be75eec_150,5825147,3328604,0.136122,
vnd,first,['insert'],c_and_w,N-be75eec_150,5825147,3333196,0.133157,
vnd,best,['transpose'],random,N-be75eec_150,5825147,2182589,2.6e-05,
vnd,best,['transpose'],c_and_w,N-be75eec_150,5825147,2660170,7.4e-05,
vnd,best,['exchange'],random,N-be75eec_150,5825147,3373535,0.073196,
vnd,best,['exchange'],c_and_w,N-be75eec_150,5825147,3346308,0.060964,
vnd,best,['insert'],random,N-be75eec_150,5825147,3369650,0.136768,
vnd,best,['insert'],c_and_w,N-be75eec_150,5825147,3381254,0.133742,
vnd,first,['transpose'],random,N-be75eec_150,6174178,2169797,1.1e-05,
vnd,first,['transpose'],c_and_w,N-be75eec_150,6174178,2657351,3e-05,
vnd,first,['exchange'],random,N-be75eec_150,6174178,3396593,0.349326,
vnd,first,['exchange'],c_and_w,N-be75eec_150,6174178,3379429,0.280598,
vnd,first,['insert'],random,N-be75eec_150,6174178,3328604,0.13358,
vnd,first,['insert'],c_and_w,N-be75eec_150,6174178,3333196,0.151249,
vnd,best,['transpose'],random,N-be75eec_150,6174178,2182589,6.7e-05,
vnd,best,['transpose'],c_and_w,N-be75eec_150,6174178,2660170,7.5e-05,
vnd,best,['exchange'],random,N-be75eec_150,6174178,3373535,0.076318,
vnd,best,['exchange'],c_and_w,N-be75eec_150,6174178,3346308,0.061667,
vnd,best,['insert'],random,N-be75eec_150,6174178,3369650,0.119725,
vnd,best,['insert'],c_and_w,N-be75eec_150,6174178,3381254,0.145149,
vnd,first,['transpose'],random,N-be75eec_150,5150097,2169797,1.1e-05,
vnd,first,['transpose'],c_and_w,N-be75eec_150,5150097,2657351,1.2e-05,
vnd,first,['exchange'],random,N-be75eec_150,5150097,3396593,0.380798,
vnd,first,['exchange'],c_and_w,N-be75eec_150,5150097,3379429,0.270459,
vnd,first,['insert'],random,N-be75eec_150,5150097,3328604,0.160028,
vnd,first,['insert'],c_and_w,N-be75eec_150,5150097,3333196,0.137455,
vnd,best,['transpose'],random,N-be75eec_150,5150097,2182589,2.6e-05,
vnd,best,['transpose'],c_and_w,N-be75eec_150,5150097,2660170,2.7e-05,
vnd,best,['exchange'],random,N-be75eec_150,5150097,3373535,0.07664,
vnd,best,['exchange'],c_and_w,N-be75eec_150,5150097,3346308,0.061724,
vnd,best,['insert'],random,N-be75eec_150,5150097,3369650,0.121425,
vnd,best,['insert'],c_and_w,N-be75eec_150,5150097,3381254,0.147678,
vnd,first,['transpose'],random,N-be75eec_150,436862,2169797,2.8e-05,
vnd,first,['transpose'],c_and_w,N-be75eec_150,436862,2657351,1.2e-05,
vnd,first,['exchange'],random,N-be75eec_150,436862,3396593,0.350089,
vnd,first,['exchange'],c_and_w,N-be75eec_150,436862,3379429,0.313841,
vnd,first,['insert'],random,N-be75eec_150,436862,3328604,0.146154,
vnd,first,['insert'],c_and_w,N-be75eec_150,436862,3333196,0.137368,
vnd,best,['transpose'],random,N-be75eec_150,436862,2182589,2.7e-05,
vnd,best,['transpose'],c_and_w,N-be75eec_150,436862,2660170,2.8e-05,
vnd,best,['exchange'],random,N-be75eec_150,436862,3373535,0.075078,
vnd,best,['exchange'],c_and_w,N-be75eec_150,436862,3346308,0.061839,
vnd,best,['insert'],random,N-be75eec_150,436862,3369650,0.128548,
vnd,best,['insert'],c_and_w,N-be75eec_150,436862,3381254,0.117747,
vnd,first,['transpose'],random,N-be75eec_150,948913,2169797,2.9e-05,
vnd,first,['transpose'],c_and_w,N-be75eec_150,948913,2657351,3.1e-05,
vnd,first,['exchange'],random,N-be75eec_150,948913,3396593,0.355913,
vnd,first,['exchange'],c_and_w,N-be75eec_150,948913,3379429,0.289502,
vnd,first,['insert'],random,N-be75eec_150,948913,3328604,0.147708,
vnd,first,['insert'],c_and_w,N-be75eec_150,948913,3333196,0.126096,
vnd,best,['transpose'],random,N-be75eec_150,948913,2182589,6.8e-05,
vnd,best,['transpose'],c_and_w,N-be75eec_150,948913,2660170,7.3e-05,
vnd,best,['exchange'],random,N-be75eec_150,948913,3373535,0.08153,
vnd,best,['exchange'],c_and_w,N-be75eec_150,948913,3346308,0.06186,
vnd,best,['insert'],random,N-be75eec_150,948913,3369650,0.123653,
vnd,best,['insert'],c_and_w,N-be75eec_150,948913,3381254,0.139747,
vnd,first,['transpose'],random,N-be75eec_150,9396044,2169797,2.8e-05,
vnd,first,['transpose'],c_and_w,N-be75eec_150,9396044,2657351,1.2e-05,
vnd,first,['exchange'],random,N-be75eec_150,9396044,3396593,0.376656,
vnd,first,['exchange'],c_and_w,N-be75eec_150,9396044,3379429,0.277062,
vnd,first,['insert'],random,N-be75eec_150,9396044,3328604,0.14187,
vnd,first,['insert'],c_and_w,N-be75eec_150,9396044,3333196,0.145267,
vnd,best,['transpose'],random,N-be75eec_150,9396044,2182589,2.5e-05,
vnd,best,['transpose'],c_and_w,N-be75eec_150,9396044,2660170,8e-05,
vnd,best,['exchange'],random,N-be75eec_150,9396044,3373535,0.072159,
vnd,best,['exchange'],c_and_w,N-be75eec_150,9396044,3346308,0.073114,
vnd,best,['insert'],random,N-be75eec_150,9396044,3369650,0.129278,
vnd,best,['insert'],c_and_w,N-be75eec_150,9396044,3381254,0.137367,
vnd,first,['transpose'],random,N-be75eec_150,9642140,2169797,2.8e-05,
vnd,first,['transpose'],c_and_w,N-be75eec_150,9642140,2657351,1.2e-05,
vnd,first,['exchange'],random,N-be75eec_150,9642140,3396593,0.349633,
vnd,first,['exchange'],c_and_w,N-be75eec_150,9642140,3379429,0.299888,
vnd,first,['insert'],random,N-be75eec_150,9642140,3328604,0.13071,
vnd,first,['insert'],c_and_w,N-be75eec_150,9642140,3333196,0.148816,
vnd,best,['transpose'],random,N-be75eec_150,9642140,2182589,6.7e-05,
vnd,best,['transpose'],c_and_w,N-be75eec_150,9642140,2660170,7.4e-05,
vnd,best,['exchange'],random,N-be75eec_150,9642140,3373535,0.069407,
vnd,best,['exchange'],c_and_w,N-be75eec_150,9642140,3346308,0.056623,
vnd,best,['insert'],random,N-be75eec_150,9642140,3369650,0.123798,
vnd,best,['insert'],c_and_w,N-be75eec_150,9642140,3381254,0.127902,
vnd,first,['transpose'],random,N-be75eec_150,41570193,2169797,2.8e-05,
vnd,first,['transpose'],c_and_w,N-be75eec_150,41570193,2657351,3e-05,
vnd,first,['exchange'],random,N-be75eec_150,41570193,3396593,0.356254,
vnd,first,['exchange'],c_and_w,N-be75eec_150,41570193,3379429,0.313851,
vnd,first,['insert'],random,N-be75eec_150,41570193,3328604,0.145349,
vnd,first,['insert'],c_and_w,N-be75eec_150,41570193,3333196,0.139752,
vnd,best,['transpose'],random,N-be75eec_150,41570193,2182589,2.7e-05,
vnd,best,['transpose'],c_and_w,N-be75eec_150,41570193,2660170,7.3e-05,
vnd,best,['exchange'],random,N-be75eec_150,41570193,3373535,0.077753,
vnd,best,['exchange'],c_and_w,N-be75eec_150,41570193,3346308,0.068128,
vnd,best,['insert'],random,N-be75eec_150,41570193,3369650,0.113997,
vnd,best,['insert'],c_and_w,N-be75eec_150,41570193,3381254,0.12115,
vnd,first,['transpose'],random,N-be75eec_150,1541596,2169797,2.8e-05,
vnd,first,['transpose'],c_and_w,N-be75eec_150,1541596,2657351,1.3e-05,
vnd,first,['exchange'],random,N-be75eec_150,1541596,3396593,0.42496,
vnd,first,['exchange'],c_and_w,N-be75eec_150,1541596,3379429,0.32195,
vnd,first,['insert'],random,N-be75eec_150,1541596,3328604,0.123532,
vnd,first,['insert'],c_and_w,N-be75eec_150,1541596,3333196,0.142681,
vnd,best,['transpose'],random,N-be75eec_150,1541596,2182589,2.6e-05,
vnd,best,['transpose'],c_and_w,N-be75eec_150,1541596,2660170,2.9e-05,
vnd,best,['exchange'],random,N-be75eec_150,1541596,3373535,0.075014,
vnd,best,['exchange'],c_and_w,N-be75eec_150,1541596,3346308,0.061802,
vnd,best,['insert'],random,N-be75eec_150,1541596,3369650,0.117934,
vnd,best,['insert'],c_and_w,N-be75eec_150,1541596,3381254,0.156476,
vnd,first,['transpose'],random,N-be75eec_150,1743094,2169797,2.9e-05,
vnd,first,['transpose'],c_and_w,N-be75eec_150,1743094,2657351,1.2e-05,
vnd,first,['exchange'],random,N-be75eec_150,1743094,3396593,0.398838,
vnd,first,['exchange'],c_and_w,N-be75eec_150,1743094,3379429,0.333256,
vnd,first,['insert'],random,N-be75eec_150,1743094,3328604,0.147338,
vnd,first,['insert'],c_and_w,N-be75eec_150,1743094,3333196,0.146755,
vnd,best,['transpose'],random,N-be75eec_150,1743094,2182589,2.7e-05,
vnd,best,['transpose'],c_and_w,N-be75eec_150,1743094,2660170,2.9e-05,
vnd,best,['exchange'],random,N-be75eec_150,1743094,3373535,0.096609,
vnd,best,['exchange'],c_and_w,N-be75eec_150,1743094,3346308,0.063046,
vnd,best,['insert'],random,N-be75eec_150,1743094,3369650,0.115666,
vnd,best,['insert'],c_and_w,N-be75eec_150,1743094,3381254,0.118197,
vnd,first,['transpose'],random,N-be75eec_150,837945,2169797,2.7e-05,
vnd,first,['transpose'],c_and_w,N-be75eec_150,837945,2657351,3.1e-05,
vnd,first,['exchange'],random,N-be75eec_150,837945,3396593,0.397697,
vnd,first,['exchange'],c_and_w,N-be75eec_150,837945,3379429,0.287372,
vnd,first,['insert'],random,N-be75eec_150,837945,3328604,0.116402,
vnd,first,['insert'],c_and_w,N-be75eec_150,837945,3333196,0.122812,
vnd,best,['transpose'],random,N-be75eec_150,837945,2182589,6.9e-05,
vnd,best,['transpose'],c_and_w,N-be75eec_150,837945,2660170,7.5e-05,
vnd,best,['exchange'],random,N-be75eec_150,837945,3373535,0.06846,
vnd,best,['exchange'],c_and_w,N-be75eec_150,837945,3346308,0.058831,
vnd,best,['insert'],random,N-be75eec_150,837945,3369650,0.108785,
vnd,best,['insert'],c_and_w,N-be75eec_150,837945,3381254,0.122389,
vnd,first,['transpose'],random,N-be75eec_150,1155392,2169797,3e-05,
vnd,first,['transpose'],c_and_w,N-be75eec_150,1155392,2657351,3.2e-05,
vnd,first,['exchange'],random,N-be75eec_150,1155392,3396593,0.351478,
vnd,first,['exchange'],c_and_w,N-be75eec_150,1155392,3379429,0.279185,
vnd,first,['insert'],random,N-be75eec_150,1155392,3328604,0.12029,
vnd,first,['insert'],c_and_w,N-be75eec_150,1155392,3333196,0.121787,
vnd,best,['transpose'],random,N-be75eec_150,1155392,2182589,2.7e-05,
vnd,best,['transpose'],c_and_w,N-be75eec_150,1155392,2660170,7.6e-05,
vnd,best,['exchange'],random,N-be75eec_150,1155392,3373535,0.068575,
vnd,best,['exchange'],c_and_w,N-be75eec_150,1155392,3346308,0.058819,
vnd,best,['insert'],random,N-be75eec_150,1155392,3369650,0.105561,
vnd,best,['insert'],c_and_w,N-be75eec_150,1155392,3381254,0.117805,
vnd,first,['transpose'],random,N-be75eec_150,1626921,2169797,2.9e-05,
vnd,first,['transpose'],c_and_w,N-be75eec_150,1626921,2657351,1.3e-05,
vnd,first,['exchange'],random,N-be75eec_150,1626921,3396593,0.339552,
vnd,first,['exchange'],c_and_w,N-be75eec_150,1626921,3379429,0.281859,
vnd,first,['insert'],random,N-be75eec_150,1626921,3328604,0.121072,
vnd,first,['insert'],c_and_w,N-be75eec_150,1626921,3333196,0.127294,
vnd,best,['transpose'],random,N-be75eec_150,1626921,2182589,2.7e-05,
vnd,best,['transpose'],c_and_w,N-be75eec_150,1626921,2660170,7.5e-05,
vnd,best,['exchange'],random,N-be75eec_150,1626921,3373535,0.064938,
vnd,best,['exchange'],c_and_w,N-be75eec_150,1626921,3346308,0.059058,
vnd,best,['insert'],random,N-be75eec_150,1626921,3369650,0.118078,
vnd,best,['insert'],c_and_w,N-be75eec_150,1626921,3381254,0.125598,
vnd,first,['transpose'],random,N-be75eec_150,2107619,2169797,3e-05,
vnd,first,['transpose'],c_and_w,N-be75eec_150,2107619,2657351,3.3e-05,
vnd,first,['exchange'],random,N-be75eec_150,2107619,3396593,0.370725,
vnd,first,['exchange'],c_and_w,N-be75eec_150,2107619,3379429,0.312272,
vnd,first,['insert'],random,N-be75eec_150,2107619,3328604,0.138171,
vnd,first,['insert'],c_and_w,N-be75eec_150,2107619,3333196,0.132641,
vnd,best,['transpose'],random,N-be75eec_150,2107619,2182589,2.7e-05,
vnd,best,['transpose'],c_and_w,N-be75eec_150,2107619,2660170,2.9e-05,
vnd,best,['exchange'],random,N-be75eec_150,2107619,3373535,0.083371,
vnd,best,['exchange'],c_and_w,N-be75eec_150,2107619,3346308,0.062348,
vnd,best,['insert'],random,N-be75eec_150,2107619,3369650,0.132235,
vnd,best,['insert'],c_and_w,N-be75eec_150,2107619,3381254,0.126791,
vnd,first,['transpose'],random,N-be75eec_150,2372926,2169797,2.7e-05,
vnd,first,['transpose'],c_and_w,N-be75eec_150,2372926,2657351,3e-05,
vnd,first,['exchange'],random,N-be75eec_150,2372926,3396593,0.355533,
vnd,first,['exchange'],c_and_w,N-be75eec_150,2372926,3379429,0.293939,
vnd,first,['insert'],random,N-be75eec_150,2372926,3328604,0.138656,
vnd,first,['insert'],c_and_w,N-be75eec_150,2372926,3333196,0.135927,
vnd,best,['transpose'],random,N-be75eec_150,2372926,2182589,2.6e-05,
vnd,best,['transpose'],c_and_w,N-be75eec_150,2372926,2660170,7.4e-05,
vnd,best,['exchange'],random,N-be75eec_150,2372926,3373535,0.078801,
vnd,best,['exchange'],c_and_w,N-be75eec_150,2372926,3346308,0.06068,
vnd,best,['insert'],random,N-be75eec_150,2372926,3369650,0.12336,
vnd,best,['insert'],c_and_w,N-be75eec_150,2372926,3381254,0.133548,
vnd,first,['transpose'],random,N-be75eec_150,4135907,2169797,1.1e-05,
vnd,first,['transpose'],c_and_w,N-be75eec_150,4135907,2657351,1.3e-05,
vnd,first,['exchange'],random,N-be75eec_150,4135907,3396593,0.360035,
vnd,first,['exchange'],c_and_w,N-be75eec_150,4135907,3379429,0.301514,
vnd,first,['insert'],random,N-be75eec_150,4135907,3328604,0.146597,
vnd,first,['insert'],c_and_w,N-be75eec_150,4135907,3333196,0.153006,
vnd,best,['transpose'],random,N-be75eec_150,4135907,2182589,2.5e-05,
vnd,best,['transpose'],c_and_w,N-be75eec_150,4135907,2660170,2.9e-05,
vnd,best,['exchange'],random,N-be75eec_150,4135907,3373535,0.076887,
vnd,best,['exchange'],c_and_w,N-be75eec_150,4135907,3346308,0.058456,
vnd,best,['insert'],random,N-be75eec_150,4135907,3369650,0.128436,
vnd,best,['insert'],c_and_w,N-be75eec_150,4135907,3381254,0.122405,
vnd,first,['transpose'],random,N-be75eec_150,958192,2169797,2.7e-05,
vnd,first,['transpose'],c_and_w,N-be75eec_150,958192,2657351,1.3e-05,
vnd,first,['exchange'],random,N-be75eec_150,958192,3396593,0.372514,
vnd,first,['exchange'],c_and_w,N-be75eec_150,958192,3379429,0.289078,
vnd,first,['insert'],random,N-be75eec_150,958192,3328604,0.12237,
vnd,first,['insert'],c_and_w,N-be75eec_150,958192,3333196,0.140621,
vnd,best,['transpose'],random,N-be75eec_150,958192,2182589,2.7e-05,
vnd,best,['transpose'],c_and_w,N-be75eec_150,958192,2660170,8.5e-05,
vnd,best,['exchange'],random,N-be75eec_150,958192,3373535,0.068859,
vnd,best,['exchange'],c_and_w,N-be75eec_150,958192,3346308,0.065934,
vnd,best,['insert'],random,N-be75eec_150,958192,3369650,0.123344,
vnd,best,['insert'],c_and_w,N-be75eec_150,958192,3381254,0.12715,
vnd,first,['transpose'],random,N-be75eec_150,1219295,2169797,1.1e-05,
vnd,first,['transpose'],c_and_w,N-be75eec_150,1219295,2657351,1.1e-05,
vnd,first,['exchange'],random,N-be75eec_150,1219295,3396593,0.345617,
vnd,first,['exchange'],c_and_w,N-be75eec_150,1219295,3379429,0.310911,
vnd,first,['insert'],random,N-be75eec_150,1219295,3328604,0.120038,
vnd,first,['insert'],c_and_w,N-be75eec_150,1219295,3333196,0.132233,
vnd,best,['transpose'],random,N-be75eec_150,1219295,2182589,6.7e-05,
vnd,best,['transpose'],c_and_w,N-be75eec_150,1219295,2660170,2.8e-05,
vnd,best,['exchange'],random,N-be75eec_150,1219295,3373535,0.082843,
vnd,best,['exchange'],c_and_w,N-be75eec_150,1219295,3346308,0.064351,
vnd,best,['insert'],random,N-be75eec_150,1219295,3369650,0.109609,
vnd,best,['insert'],c_and_w,N-be75eec_150,1219295,3381254,0.142188,
vnd,first,['transpose'],random,N-be75eec_150,1940755,2169797,1.2e-05,
vnd,first,['transpose'],c_and_w,N-be75eec_150,1940755,2657351,1.3e-05,
vnd,first,['exchange'],random,N-be75eec_150,1940755,3396593,0.352844,
vnd,first,['exchange'],c_and_w,N-be75eec_150,1940755,3379429,0.282398,
vnd,first,['insert'],random,N-be75eec_150,1940755,3328604,0.121339,
vnd,first,['insert'],c_and_w,N-be75eec_150,1940755,3333196,0.153847,
vnd,best,['transpose'],random,N-be75eec_150,1940755,2182589,2.7e-05,
vnd,best,['transpose'],c_and_w,N-be75eec_150,1940755,2660170,7.3e-05,
vnd,best,['exchange'],random,N-be75eec_150,1940755,3373535,0.06586,
vnd,best,['exchange'],c_and_w,N-be75eec_150,1940755,3346308,0.074744,
vnd,best,['insert'],random,N-be75eec_150,1940755,3369650,0.11708,
vnd,best,['insert'],c_and_w,N-be75eec_150,1940755,3381254,0.144443,
vnd,first,['transpose'],random,N-be75eec_150,2056347,2169797,2.7e-05,
vnd,first,['transpose'],c_and_w,N-be75eec_150,2056347,2657351,3e-05,
vnd,first,['exchange'],random,N-be75eec_150,2056347,3396593,0.380816,
vnd,first,['exchange'],c_and_w,N-be75eec_150,2056347,3379429,0.297114,
vnd,first,['insert'],random,N-be75eec_150,2056347,3328604,0.128921,
vnd,first,['insert'],c_and_w,N-be75eec_150,2056347,3333196,0.148861,
vnd,best,['transpose'],random,N-be75eec_150,2056347,2182589,2.6e-05,
vnd,best,['transpose'],c_and_w,N-be75eec_150,2056347,2660170,2.8e-05,
vnd,best,['exchange'],random,N-be75eec_150,2056347,3373535,0.064987,
vnd,best,['exchange'],c_and_w,N-be75eec_150,2056347,3346308,0.084383,
vnd,best,['insert'],random,N-be75eec_150,2056347,3369650,0.11795,
vnd,best,['insert'],c_and_w,N-be75eec_150,2056347,3381254,0.142247,
vnd,first,['transpose'],random,N-be75eec_150,2823758,2169797,2.7e-05,
vnd,first,['transpose'],c_and_w,N-be75eec_150,2823758,2657351,1.2e-05,
vnd,first,['exchange'],random,N-be75eec_150,2823758,3396593,0.347787,
vnd,first,['exchange'],c_and_w,N-be75eec_150,2823758,3379429,0.302643,
vnd,first,['insert'],random,N-be75eec_150,2823758,3328604,0.12944,
vnd,first,['insert'],c_and_w,N-be75eec_150,2823758,3333196,0.140595,
vnd,best,['transpose'],random,N-be75eec_150,2823758,2182589,2.7e-05,
vnd,best,['transpose'],c_and_w,N-be75eec_150,2823758,2660170,2.9e-05,
vnd,best,['exchange'],random,N-be75eec_150,2823758,3373535,0.068346,
vnd,best,['exchange'],c_and_w,N-be75eec_150,2823758,3346308,0.071365,
vnd,best,['insert'],random,N-be75eec_150,2823758,3369650,0.119684,
vnd,best,['insert'],c_and_w,N-be75eec_150,2823758,3381254,0.130929,
vnd,first,['transpose'],random,N-be75eec_150,8893533,2169797,2.9e-05,
vnd,first,['transpose'],c_and_w,N-be75eec_150,8893533,2657351,3.2e-05,
vnd,first,['exchange'],random,N-be75eec_150,8893533,3396593,0.378879,
vnd,first,['exchange'],c_and_w,N-be75eec_150,8893533,3379429,0.319827,
vnd,first,['insert'],random,N-be75eec_150,8893533,3328604,0.129635,
vnd,first,['insert'],c_and_w,N-be75eec_150,8893533,3333196,0.13212,
vnd,best,['transpose'],random,N-be75eec_150,8893533,2182589,2.6e-05,
vnd,best,['transpose'],c_and_w,N-be75eec_150,8893533,2660170,2.8e-05,
vnd,best,['exchange'],random,N-be75eec_150,8893533,3373535,0.072052,
vnd,best,['exchange'],c_and_w,N-be75eec_150,8893533,3346308,0.067191,
vnd,best,['insert'],random,N-be75eec_150,8893533,3369650,0.126082,
vnd,best,['insert'],c_and_w,N-be75eec_150,8893533,3381254,0.132277,
vnd,first,['transpose'],random,N-be75eec_150,17814072,2169797,2.7e-05,
vnd,first,['transpose'],c_and_w,N-be75eec_150,17814072,2657351,3.1e-05,
vnd,first,['exchange'],random,N-be75eec_150,17814072,3396593,0.365312,
vnd,first,['exchange'],c_and_w,N-be75eec_150,17814072,3379429,0.286381,
vnd,first,['insert'],random,N-be75eec_150,17814072,3328604,0.1474,
vnd,first,['insert'],c_and_w,N-be75eec_150,17814072,3333196,0.133714,
vnd,best,['transpose'],random,N-be75eec_150,17814072,2182589,6.8e-05,
vnd,best,['transpose'],c_and_w,N-be75eec_150,17814072,2660170,2.9e-05,
vnd,best,['exchange'],random,N-be75eec_150,17814072,3373535,0.078037,
vnd,best,['exchange'],c_and_w,N-be75eec_150,17814072,3346308,0.063591,
vnd,best,['insert'],random,N-be75eec_150,17814072,3369650,0.111972,
vnd,best,['insert'],c_and_w,N-be75eec_150,17814072,3381254,0.132247,
vnd,first,['transpose'],random,N-be75eec_150,5910096,2169797,1.1e-05,
vnd,first,['transpose'],c_and_w,N-be75eec_150,5910096,2657351,1.3e-05,
vnd,first,['exchange'],random,N-be75eec_150,5910096,3396593,0.363341,
vnd,first,['exchange'],c_and_w,N-be75eec_150,5910096,3379429,0.294011,
vnd,first,['insert'],random,N-be75eec_150,5910096,3328604,0.146717,
vnd,first,['insert'],c_and_w,N-be75eec_150,5910096,3333196,0.128985,
vnd,best,['transpose'],random,N-be75eec_150,5910096,2182589,2.6e-05,
vnd,best,['transpose'],c_and_w,N-be75eec_150,5910096,2660170,7.4e-05,
vnd,best,['exchange'],random,N-be75eec_150,5910096,3373535,0.073464,
vnd,best,['exchange'],c_and_w,N-be75eec_150,5910096,3346308,0.06573,
vnd,best,['insert'],random,N-be75eec_150,5910096,3369650,0.114264,
vnd,best,['insert'],c_and_w,N-be75eec_150,5910096,3381254,0.126818,
vnd,first,['transpose'],random,N-be75eec_150,30958609,2169797,1.1e-05,
vnd,first,['transpose'],c_and_w,N-be75eec_150,30958609,2657351,3e-05,
vnd,first,['exchange'],random,N-be75eec_150,30958609,3396593,0.357956,
vnd,first,['exchange'],c_and_w,N-be75eec_150,30958609,3379429,0.276505,
vnd,first,['insert'],random,N-be75eec_150,30958609,3328604,0.143443,
vnd,first,['insert'],c_and_w,N-be75eec_150,30958609,3333196,0.124787,
vnd,best,['transpose'],random,N-be75eec_150,30958609,2182589,2.7e-05,
vnd,best,['transpose'],c_and_w,N-be75eec_150,30958609,2660170,2.8e-05,
vnd,best,['exchange'],random,N-be75eec_150,30958609,3373535,0.080639,
vnd,best,['exchange'],c_and_w,N-be75eec_150,30958609,3346308,0.069598,
vnd,best,['insert'],random,N-be75eec_150,30958609,3369650,0.137018,
vnd,best,['insert'],c_and_w,N-be75eec_150,30958609,3381254,0.1522,
vnd,first,['transpose'],random,N-be75eec_150,7742444,2169797,1.1e-05,
vnd,first,['transpose'],c_and_w,N-be75eec_150,7742444,2657351,3e-05,
vnd,first,['exchange'],random,N-be75eec_150,7742444,3396593,0.358085,
vnd,first,['exchange'],c_and_w,N-be75eec_150,7742444,3379429,0.282817,
vnd,first,['insert'],random,N-be75eec_150,7742444,3328604,0.133999,
vnd,first,['insert'],c_and_w,N-be75eec_150,7742444,3333196,0.143676,
vnd,best,['transpose'],random,N-be75eec_150,7742444,2182589,6.8e-05,
vnd,best,['transpose'],c_and_w,N-be75eec_150,7742444,2660170,7.4e-05,
vnd,best,['exchange'],random,N-be75eec_150,7742444,3373535,0.071385,
vnd,best,['exchange'],c_and_w,N-be75eec_150,7742444,3346308,0.074544,
vnd,best,['insert'],random,N-be75eec_150,7742444,3369650,0.129374,
vnd,best,['insert'],c_and_w,N-be75eec_150,7742444,3381254,0.129998,
vnd,first,['transpose'],random,N-be75eec_150,11500448,2169797,2.8e-05,
vnd,first,['transpose'],c_and_w,N-be75eec_150,11500448,2657351,3.1e-05,
vnd,first,['exchange'],random,N-be75eec_150,11500448,3396593,0.347641,
vnd,first,['exchange'],c_and_w,N-be75eec_150,11500448,3379429,0.285206,
vnd,first,['insert'],random,N-be75eec_150,11500448,3328604,0.133168,
vnd,first,['insert'],c_and_w,N-be75eec_150,11500448,3333196,0.140897,
vnd,best,['transpose'],random,N-be75eec_150,11500448,2182589,2.6e-05,
vnd,best,['transpose'],c_and_w,N-be75eec_150,11500448,2660170,8e-05,
vnd,best,['exchange'],random,N-be75eec_150,11500448,3373535,0.080299,
vnd,best,['exchange'],c_and_w,N-be75eec_150,11500448,3346308,0.06424,
vnd,best,['insert'],random,N-be75eec_150,11500448,3369650,0.122312,
vnd,best,['insert'],c_and_w,N-be75eec_150,11500448,3381254,0.119679,
vnd,first,['transpose'],random,N-be75eec_150,11900315,2169797,1e-05,
vnd,first,['transpose'],c_and_w,N-be75eec_150,11900315,2657351,1.3e-05,
vnd,first,['exchange'],random,N-be75eec_150,11900315,3396593,0.386053,
vnd,first,['exchange'],c_and_w,N-be75eec_150,11900315,3379429,0.299228,
vnd,first,['insert'],random,N-be75eec_150,11900315,3328604,0.132552,
vnd,first,['insert'],c_and_w,N-be75eec_150,11900315,3333196,0.145219,
vnd,best,['transpose'],random,N-be75eec_150,11900315,2182589,2.7e-05,
vnd,best,['transpose'],c_and_w,N-be75eec_150,11900315,2660170,2.9e-05,
vnd,best,['exchange'],random,N-be75eec_150,11900315,3373535,0.074433,
vnd,best,['exchange'],c_and_w,N-be75eec_150,11900315,3346308,0.094516,
vnd,best,['insert'],random,N-be75eec_150,11900315,3369650,0.10663,
vnd,best,['insert'],c_and_w,N-be75eec_150,11900315,3381254,0.135253,
vnd,first,['transpose'],random,N-be75eec_150,8411910,2169797,1.1e-05,
vnd,first,['transpose'],c_and_w,N-be75eec_150,8411910,2657351,1.3e-05,
vnd,first,['exchange'],random,N-be75eec_150,8411910,3396593,0.338991,
vnd,first,['exchange'],c_and_w,N-be75eec_150,8411910,3379429,0.320905,
vnd,first,['insert'],random,N-be75eec_150,8411910,3328604,0.138145,
vnd,first,['insert'],c_and_w,N-be75eec_150,8411910,3333196,0.142929,
vnd,best,['transpose'],random,N-be75eec_150,8411910,2182589,2.7e-05,
vnd,best,['transpose'],c_and_w,N-be75eec_150,8411910,2660170,7.4e-05,
vnd,best,['exchange'],random,N-be75eec_150,8411910,3373535,0.078075,
vnd,best,['exchange'],c_and_w,N-be75eec_150,8411910,3346308,0.060282,
vnd,best,['insert'],random,N-be75eec_150,8411910,3369650,0.116222,
vnd,best,['insert'],c_and_w,N-be75eec_150,8411910,3381254,0.134133,
vnd,first,['transpose'],random,N-be75eec_150,3841167,2169797,2.7e-05,
vnd,first,['transpose'],c_and_w,N-be75eec_150,3841167,2657351,1.2e-05,
vnd,first,['exchange'],random,N-be75eec_150,3841167,3396593,0.357717,
vnd,first,['exchange'],c_and_w,N-be75eec_150,3841167,3379429,0.298135,
vnd,first,['insert'],random,N-be75eec_150,3841167,3328604,0.12536,
vnd,first,['insert'],c_and_w,N-be75eec_150,3841167,3333196,0.123283,
vnd,best,['transpose'],random,N-be75eec_150,3841167,2182589,2.6e-05,
vnd,best,['transpose'],c_and_w,N-be75eec_150,3841167,2660170,7.4e-05,
vnd,best,['exchange'],random,N-be75eec_150,3841167,3373535,0.076235,
vnd,best,['exchange'],c_and_w,N-be75eec_150,3841167,3346308,0.064644,
vnd,best,['insert'],random,N-be75eec_150,3841167,3369650,0.130164,
vnd,best,['insert'],c_and_w,N-be75eec_150,3841167,3381254,0.120593,
vnd,first,['transpose'],random,N-be75eec_150,3993006,2169797,1.1e-05,
vnd,first,['transpose'],c_and_w,N-be75eec_150,3993006,2657351,3.1e-05,
vnd,first,['exchange'],random,N-be75eec_150,3993006,3396593,0.361042,
vnd,first,['exchange'],c_and_w,N-be75eec_150,3993006,3379429,0.297775,
vnd,first,['insert'],random,N-be75eec_150,3993006,3328604,0.143902,
vnd,first,['insert'],c_and_w,N-be75eec_150,3993006,3333196,0.154416,
vnd,best,['transpose'],random,N-be75eec_150,3993006,2182589,6.7e-05,
vnd,best,['transpose'],c_and_w,N-be75eec_150,3993006,2660170,2.9e-05,
vnd,best,['exchange'],random,N-be75eec_150,3993006,3373535,0.076644,
vnd,best,['exchange'],c_and_w,N-be75eec_150,3993006,3346308,0.075928,
vnd,best,['insert'],random,N-be75eec_150,3993006,3369650,0.120188,
vnd,best,['insert'],c_and_w,N-be75eec_150,3993006,3381254,0.129314,
vnd,first,['transpose'],random,N-be75eec_150,825608,2169797,1.2e-05,
vnd,first,['transpose'],c_and_w,N-be75eec_150,825608,2657351,1.2e-05,
vnd,first,['exchange'],random,N-be75eec_150,825608,3396593,0.362073,
vnd,first,['exchange'],c_and_w,N-be75eec_150,825608,3379429,0.285428,
vnd,first,['insert'],random,N-be75eec_150,825608,3328604,0.138682,
vnd,first,['insert'],c_and_w,N-be75eec_150,825608,3333196,0.142639,
vnd,best,['transpose'],random,N-be75eec_150,825608,2182589,2.7e-05,
vnd,best,['transpose'],c_and_w,N-be75eec_150,825608,2660170,7.3e-05,
vnd,best,['exchange'],random,N-be75eec_150,825608,3373535,0.072787,
vnd,best,['exchange'],c_and_w,N-be75eec_150,825608,3346308,0.056483,
vnd,best,['insert'],random,N-be75eec_150,825608,3369650,0.113641,
vnd,best,['insert'],c_and_w,N-be75eec_150,825608,3381254,0.130128,
vnd,first,['transpose'],random,N-be75eec_150,17273996,2169797,1.1e-05,
vnd,first,['transpose'],c_and_w,N-be75eec_150,17273996,2657351,3.1e-05,
vnd,first,['exchange'],random,N-be75eec_150,17273996,3396593,0.37539,
vnd,first,['exchange'],c_and_w,N-be75eec_150,17273996,3379429,0.290447,
vnd,first,['insert'],random,N-be75eec_150,17273996,3328604,0.131407,
vnd,first,['insert'],c_and_w,N-be75eec_150,17273996,3333196,0.140008,
vnd,best,['transpose'],random,N-be75eec_150,17273996,2182589,7.3e-05,
vnd,best,['transpose'],c_and_w,N-be75eec_150,17273996,2660170,2.8e-05,
vnd,best,['exchange'],random,N-be75eec_150,17273996,3373535,0.079056,
vnd,best,['exchange'],c_and_w,N-be75eec_150,17273996,3346308,0.073708,
vnd,best,['insert'],random,N-be75eec_150,17273996,3369650,0.124175,
vnd,best,['insert'],c_and_w,N-be75eec_150,17273996,3381254,0.121847,
vnd,first,['transpose'],random,N-be75eec_150,9351696,2169797,1.1e-05,
vnd,first,['transpose'],c_and_w,N-be75eec_150,9351696,2657351,1.3e-05,
vnd,first,['exchange'],random,N-be75eec_150,9351696,3396593,0.37155,
vnd,first,['exchange'],c_and_w,N-be75eec_150,9351696,3379429,0.286978,
vnd,first,['insert'],random,N-be75eec_150,9351696,3328604,0.139079,
vnd,first,['insert'],c_and_w,N-be75eec_150,9351696,3333196,0.150623,
vnd,best,['transpose'],random,N-be75eec_150,9351696,2182589,6.7e-05,
vnd,best,['transpose'],c_and_w,N-be75eec_150,9351696,2660170,2.7e-05,
vnd,best,['exchange'],random,N-be75eec_150,9351696,3373535,0.073258,
vnd,best,['exchange'],c_and_w,N-be75eec_150,9351696,3346308,0.079335,
vnd,best,['insert'],random,N-be75eec_150,9351696,3369650,0.109298,
vnd,best,['insert'],c_and_w,N-be75eec_150,9351696,3381254,0.149886,
vnd,first,['transpose'],random,N-be75eec_150,8409567,2169797,2.9e-05,
vnd,first,['transpose'],c_and_w,N-be75eec_150,8409567,2657351,1.3e-05,
vnd,first,['exchange'],random,N-be75eec_150,8409567,3396593,0.353757,
vnd,first,['exchange'],c_and_w,N-be75eec_150,8409567,3379429,0.298924,
vnd,first,['insert'],random,N-be75eec_150,8409567,3328604,0.133415,
vnd,first,['insert'],c_and_w,N-be75eec_150,8409567,3333196,0.150783,
vnd,best,['transpose'],random,N-be75eec_150,8409567,2182589,6.7e-05,
vnd,best,['transpose'],c_and_w,N-be75eec_150,8409567,2660170,2.8e-05,
vnd,best,['exchange'],random,N-be75eec_150,8409567,3373535,0.068111,
vnd,best,['exchange'],c_and_w,N-be75eec_150,8409567,3346308,0.055443,
vnd,best,['insert'],random,N-be75eec_150,8409567,3369650,0.118055,
vnd,best,['insert'],c_and_w,N-be75eec_150,8409567,3381254,0.118017,
vnd,first,['transpose'],random,N-be75eec_150,666254,2169797,2.8e-05,
vnd,first,['transpose'],c_and_w,N-be75eec_150,666254,2657351,3.2e-05,
vnd,first,['exchange'],random,N-be75eec_150,666254,3396593,0.368976,
vnd,first,['exchange'],c_and_w,N-be75eec_150,666254,3379429,0.259431,
vnd,first,['insert'],random,N-be75eec_150,666254,3328604,0.138013,
vnd,first,['insert'],c_and_w,N-be75eec_150,666254,3333196,0.120501,
vnd,best,['transpose'],random,N-be75eec_150,666254,2182589,6.8e-05,
vnd,best,['transpose'],c_and_w,N-be75eec_150,666254,2660170,7.3e-05,
vnd,best,['exchange'],random,N-be75eec_150,666254,3373535,0.067332,
vnd,best,['exchange'],c_and_w,N-be75eec_150,666254,3346308,0.078305,
vnd,best,['insert'],random,N-be75eec_150,666254,3369650,0.126384,
vnd,best,['insert'],c_and_w,N-be75eec_150,666254,3381254,0.127167,
vnd,first,['transpose'],random,N-be75eec_150,1429362,2169797,2.9e-05,
vnd,first,['transpose'],c_and_w,N-be75eec_150,1429362,2657351,3.2e-05,
vnd,first,['exchange'],random,N-be75eec_150,1429362,3396593,0.369999,
vnd,first,['exchange'],c_and_w,N-be75eec_150,1429362,3379429,0.290282,
vnd,first,['insert'],random,N-be75eec_150,1429362,3328604,0.143055,
vnd,first,['insert'],c_and_w,N-be75eec_150,1429362,3333196,0.135745,
vnd,best,['transpose'],random,N-be75eec_150,1429362,2182589,2.6e-05,
vnd,best,['transpose'],c_and_w,N-be75eec_150,1429362,2660170,7.5e-05,
vnd,best,['exchange'],random,N-be75eec_150,1429362,3373535,0.071887,
vnd,best,['exchange'],c_and_w,N-be75eec_150,1429362,3346308,0.072324,
vnd,best,['insert'],random,N-be75eec_150,1429362,3369650,0.151532,
vnd,best,['insert'],c_and_w,N-be75eec_150,1429362,3381254,0.136793,
vnd,first,['transpose'],random,N-be75eec_150,31815927,2169797,1e-05,
vnd,first,['transpose'],c_and_w,N-be75eec_150,31815927,2657351,3e-05,
vnd,first,['exchange'],random,N-be75eec_150,31815927,3396593,0.357361,
vnd,first,['exchange'],c_and_w,N-be75eec_150,31815927,3379429,0.280867,
vnd,first,['insert'],random,N-be75eec_150,31815927,3328604,0.130377,
vnd,first,['insert'],c_and_w,N-be75eec_150,31815927,3333196,0.148413,
vnd,best,['transpose'],random,N-be75eec_150,31815927,2182589,2.6e-05,
vnd,best,['transpose'],c_and_w,N-be75eec_150,31815927,2660170,7.3e-05,
vnd,best,['exchange'],random,N-be75eec_150,31815927,3373535,0.070231,
vnd,best,['exchange'],c_and_w,N-be75eec_150,31815927,3346308,0.078199,
vnd,best,['insert'],random,N-be75eec_150,31815927,3369650,0.120032,
vnd,best,['insert'],c_and_w,N-be75eec_150,31815927,3381254,0.133593,
vnd,first,['transpose'],random,N-be75eec_150,25403045,2169797,2.8e-05,
vnd,first,['transpose'],c_and_w,N-be75eec_150,25403045,2657351,3.1e-05,
vnd,first,['exchange'],random,N-be75eec_150,25403045,3396593,0.357393,
vnd,first,['exchange'],c_and_w,N-be75eec_150,25403045,3379429,0.294737,
vnd,first,['insert'],random,N-be75eec_150,25403045,3328604,0.149815,
vnd,first,['insert'],c_and_w,N-be75eec_150,25403045,3333196,0.137693,
vnd,best,['transpose'],random,N-be75eec_150,25403045,2182589,6.8e-05,
vnd,best,['transpose'],c_and_w,N-be75eec_150,25403045,2660170,2.9e-05,
vnd,best,['exchange'],random,N-be75eec_150,25403045,3373535,0.073778,
vnd,best,['exchange'],c_and_w,N-be75eec_150,25403045,3346308,0.068158,
vnd,best,['insert'],random,N-be75eec_150,25403045,3369650,0.121992,
vnd,best,['insert'],c_and_w,N-be75eec_150,25403045,3381254,0.14232,
vnd,first,['transpose'],random,N-be75eec_150,15207063,2169797,2.7e-05,
vnd,first,['transpose'],c_and_w,N-be75eec_150,15207063,2657351,1.3e-05,
vnd,first,['exchange'],random,N-be75eec_150,15207063,3396593,0.375325,
vnd,first,['exchange'],c_and_w,N-be75eec_150,15207063,3379429,0.307822,
vnd,first,['insert'],random,N-be75eec_150,15207063,3328604,0.133659,
vnd,first,['insert'],c_and_w,N-be75eec_150,15207063,3333196,0.136703,
vnd,best,['transpose'],random,N-be75eec_150,15207063,2182589,6.7e-05,
vnd,best,['transpose'],c_and_w,N-be75eec_150,15207063,2660170,7.3e-05,
vnd,best,['exchange'],random,N-be75eec_150,15207063,3373535,0.074565,
vnd,best,['exchange'],c_and_w,N-be75eec_150,15207063,3346308,0.069288,
vnd,best,['insert'],random,N-be75eec_150,15207063,3369650,0.129157,
vnd,best,['insert'],c_and_w,N-be75eec_150,15207063,3381254,0.156631,
vnd,first,['transpose'],random,N-be75eec_150,16040574,2169797,1.1e-05,
vnd,first,['transpose'],c_and_w,N-be75eec_150,16040574,2657351,1.3e-05,
vnd,first,['exchange'],random,N-be75eec_150,16040574,3396593,0.413047,
vnd,first,['exchange'],c_and_w,N-be75eec_150,16040574,3379429,0.345423,
vnd,first,['insert'],random,N-be75eec_150,16040574,3328604,0.127309,
vnd,first,['insert'],c_and_w,N-be75eec_150,16040574,3333196,0.129857,
vnd,best,['transpose'],random,N-be75eec_150,16040574,2182589,7.3e-05,
vnd,best,['transpose'],c_and_w,N-be75eec_150,16040574,2660170,7.3e-05,
vnd,best,['exchange'],random,N-be75eec_150,16040574,3373535,0.06888,
vnd,best,['exchange'],c_and_w,N-be75eec_150,16040574,3346308,0.055445,
vnd,best,['insert'],random,N-be75eec_150,16040574,3369650,0.110076,
vnd,best,['insert'],c_and_w,N-be75eec_150,16040574,3381254,0.119811,
vnd,first,['transpose'],random,N-be75eec_150,13586135,2169797,2.8e-05,
vnd,first,['transpose'],c_and_w,N-be75eec_150,13586135,2657351,3.2e-05,
vnd,first,['exchange'],random,N-be75eec_150,13586135,3396593,0.362792,
vnd,first,['exchange'],c_and_w,N-be75eec_150,13586135,3379429,0.301954,
vnd,first,['insert'],random,N-be75eec_150,13586135,3328604,0.140164,
vnd,first,['insert'],c_and_w,N-be75eec_150,13586135,3333196,0.141642,
vnd,best,['transpose'],random,N-be75eec_150,13586135,2182589,7e-05,
vnd,best,['transpose'],c_and_w,N-be75eec_150,13586135,2660170,7.6e-05,
vnd,best,['exchange'],random,N-be75eec_150,13586135,3373535,0.077558,
vnd,best,['exchange'],c_and_w,N-be75eec_150,13586135,3346308,0.060523,
vnd,best,['insert'],random,N-be75eec_150,13586135,3369650,0.123328,
vnd,best,['insert'],c_and_w,N-be75eec_150,13586135,3381254,0.134147,
vnd,first,['transpose'],random,N-be75eec_150,1113128,2169797,1.1e-05,
vnd,first,['transpose'],c_and_w,N-be75eec_150,1113128,2657351,3e-05,
vnd,first,['exchange'],random,N-be75eec_150,1113128,3396593,0.344114,
vnd,first,['exchange'],c_and_w,N-be75eec_150,1113128,3379429,0.282493,
vnd,first,['insert'],random,N-be75eec_150,1113128,3328604,0.128084,
vnd,first,['insert'],c_and_w,N-be75eec_150,1113128,3333196,0.12691,
vnd,best,['transpose'],random,N-be75eec_150,1113128,2182589,6.8e-05,
vnd,best,['transpose'],c_and_w,N-be75eec_150,1113128,2660170,2.9e-05,
vnd,best,['exchange'],random,N-be75eec_150,1113128,3373535,0.064972,
vnd,best,['exchange'],c_and_w,N-be75eec_150,1113128,3346308,0.06035,
vnd,best,['insert'],random,N-be75eec_150,1113128,3369650,0.113356,
vnd,best,['insert'],c_and_w,N-be75eec_150,1113128,3381254,0.133367,
vnd,first,['transpose'],random,N-be75eec_150,2444390,2169797,2.7e-05,
vnd,first,['transpose'],c_and_w,N-be75eec_150,2444390,2657351,3.2e-05,
vnd,first,['exchange'],random,N-be75eec_150,2444390,3396593,0.354049,
vnd,first,['exchange'],c_and_w,N-be75eec_150,2444390,3379429,0.27114,
vnd,first,['insert'],random,N-be75eec_150,2444390,3328604,0.125184,
vnd,first,['insert'],c_and_w,N-be75eec_150,2444390,3333196,0.122081,
vnd,best,['transpose'],random,N-be75eec_150,2444390,2182589,7e-05,
vnd,best,['transpose'],c_and_w,N-be75eec_150,2444390,2660170,7.6e-05,
vnd,best,['exchange'],random,N-be75eec_150,2444390,3373535,0.069018,
vnd,best,['exchange'],c_and_w,N-be75eec_150,2444390,3346308,0.059156,
vnd,best,['insert'],random,N-be75eec_150,2444390,3369650,0.121871,
vnd,best,['insert'],c_and_w,N-be75eec_150,2444390,3381254,0.140546,
vnd,first,['transpose'],random,N-be75eec_150,24430250,2169797,2.8e-05,
vnd,first,['transpose'],c_and_w,N-be75eec_150,24430250,2657351,3.3e-05,
vnd,first,['exchange'],random,N-be75eec_150,24430250,3396593,0.354689,
vnd,first,['exchange'],c_and_w,N-be75eec_150,24430250,3379429,0.294466,
vnd,first,['insert'],random,N-be75eec_150,24430250,3328604,0.130624,
vnd,first,['insert'],c_and_w,N-be75eec_150,24430250,3333196,0.137025,
vnd,best,['transpose'],random,N-be75eec_150,24430250,2182589,2.6e-05,
vnd,best,['transpose'],c_and_w,N-be75eec_150,24430250,2660170,7.9e-05,
vnd,best,['exchange'],random,N-be75eec_150,24430250,3373535,0.092969,
vnd,best,['exchange'],c_and_w,N-be75eec_150,24430250,3346308,0.057074,
vnd,best,['insert'],random,N-be75eec_150,24430250,3369650,0.116777,
vnd,best,['insert'],c_and_w,N-be75eec_150,24430250,3381254,0.128817,
vnd,first,['transpose'],random,N-be75eec_150,25017059,2169797,2.8e-05,
vnd,first,['transpose'],c_and_w,N-be75eec_150,25017059,2657351,3.2e-05,
vnd,first,['exchange'],random,N-be75eec_150,25017059,3396593,0.346714,
vnd,first,['exchange'],c_and_w,N-be75eec_150,25017059,3379429,0.304505,
vnd,first,['insert'],random,N-be75eec_150,25017059,3328604,0.130781,
vnd,first,['insert'],c_and_w,N-be75eec_150,25017059,3333196,0.145457,
vnd,best,['transpose'],random,N-be75eec_150,25017059,2182589,6.9e-05,
vnd,best,['transpose'],c_and_w,N-be75eec_150,25017059,2660170,7.4e-05,
vnd,best,['exchange'],random,N-be75eec_150,25017059,3373535,0.065104,
vnd,best,['exchange'],c_and_w,N-be75eec_150,25017059,3346308,0.061549,
vnd,best,['insert'],random,N-be75eec_150,25017059,3369650,0.124139,
vnd,best,['insert'],c_and_w,N-be75eec_150,25017059,3381254,0.126813,
vnd,first,['transpose'],random,N-be75eec_150,106873878,2169797,2.8e-05,
vnd,first,['transpose'],c_and_w,N-be75eec_150,106873878,2657351,3.2e-05,
vnd,first,['exchange'],random,N-be75eec_150,106873878,3396593,0.410678,
vnd,first,['exchange'],c_and_w,N-be75eec_150,106873878,3379429,0.280744,
vnd,first,['insert'],random,N-be75eec_150,106873878,3328604,0.142632,
vnd,first,['insert'],c_and_w,N-be75eec_150,106873878,3333196,0.144594,
vnd,best,['transpose'],random,N-be75eec_150,106873878,2182589,2.6e-05,
vnd,best,['transpose'],c_and_w,N-be75eec_150,106873878,2660170,2.9e-05,
vnd,best,['exchange'],random,N-be75eec_150,106873878,3373535,0.070499,
vnd,best,['exchange'],c_and_w,N-be75eec_150,106873878,3346308,0.065479,
vnd,best,['insert'],random,N-be75eec_150,106873878,3369650,0.146869,
vnd,best,['insert'],c_and_w,N-be75eec_150,106873878,3381254,0.139479,
vnd,first,['transpose'],random,N-be75eec_150,4093849,2169797,2.8e-05,
vnd,first,['transpose'],c_and_w,N-be75eec_150,4093849,2657351,1.1e-05,
vnd,first,['exchange'],random,N-be75eec_150,4093849,3396593,0.412569,
vnd,first,['exchange'],c_and_w,N-be75eec_150,4093849,3379429,0.27632,
vnd,first,['insert'],random,N-be75eec_150,4093849,3328604,0.125868,
vnd,first,['insert'],c_and_w,N-be75eec_150,4093849,3333196,0.122088,
vnd,best,['transpose'],random,N-be75eec_150,4093849,2182589,2.7e-05,
vnd,best,['transpose'],c_and_w,N-be75eec_150,4093849,2660170,7.4e-05,
vnd,best,['exchange'],random,N-be75eec_150,4093849,3373535,0.068738,
vnd,best,['exchange'],c_and_w,N-be75eec_150,4093849,3346308,0.055362,
vnd,best,['insert'],random,N-be75eec_150,4093849,3369650,0.116464,
vnd,best,['insert'],c_and_w,N-be75eec_150,4093849,3381254,0.122172,
vnd,first,['transpose'],random,N-be75eec_150,4524942,2169797,2.8e-05,
vnd,first,['transpose'],c_and_w,N-be75eec_150,4524942,2657351,3.1e-05,
vnd,first,['exchange'],random,N-be75eec_150,4524942,3396593,0.381279,
vnd,first,['exchange'],c_and_w,N-be75eec_150,4524942,3379429,0.311119,
vnd,first,['insert'],random,N-be75eec_150,4524942,3328604,0.135334,
vnd,first,['insert'],c_and_w,N-be75eec_150,4524942,3333196,0.128575,
vnd,best,['transpose'],random,N-be75eec_150,4524942,2182589,2.6e-05,
vnd,best,['transpose'],c_and_w,N-be75eec_150,4524942,2660170,2.9e-05,
vnd,best,['exchange'],random,N-be75eec_150,4524942,3373535,0.075649,
vnd,best,['exchange'],c_and_w,N-be75eec_150,4524942,3346308,0.067059,
vnd,best,['insert'],random,N-be75eec_150,4524942,3369650,0.13232,
vnd,best,['insert'],c_and_w,N-be75eec_150,4524942,3381254,0.141247,
vnd,first,['transpose'],random,N-be75eec_150,2098726,2169797,1.1e-05,
vnd,first,['transpose'],c_and_w,N-be75eec_150,2098726,2657351,3.1e-05,
vnd,first,['exchange'],random,N-be75eec_150,2098726,3396593,0.363764,
vnd,first,['exchange'],c_and_w,N-be75eec_150,2098726,3379429,0.300443,
vnd,first,['insert'],random,N-be75eec_150,2098726,3328604,0.146056,
vnd,first,['insert'],c_and_w,N-be75eec_150,2098726,3333196,0.134762,
vnd,best,['transpose'],random,N-be75eec_150,2098726,2182589,2.7e-05,
vnd,best,['transpose'],c_and_w,N-be75eec_150,2098726,2660170,7.3e-05,
vnd,best,['exchange'],random,N-be75eec_150,2098726,3373535,0.073476,
vnd,best,['exchange'],c_and_w,N-be75eec_150,2098726,3346308,0.063957,
vnd,best,['insert'],random,N-be75eec_150,2098726,3369650,0.118439,
vnd,best,['insert'],c_and_w,N-be75eec_150,2098726,3381254,0.126723,
vnd,first,['transpose'],random,N-be75eec_150,2906657,2169797,2.8e-05,
vnd,first,['transpose'],c_and_w,N-be75eec_150,2906657,2657351,3e-05,
vnd,first,['exchange'],random,N-be75eec_150,2906657,3396593,0.354293,
vnd,first,['exchange'],c_and_w,N-be75eec_150,2906657,3379429,0.297977,
vnd,first,['insert'],random,N-be75eec_150,2906657,3328604,0.150076,
vnd,first,['insert'],c_and_w,N-be75eec_150,2906657,3333196,0.122549,
vnd,best,['transpose'],random,N-be75eec_150,2906657,2182589,6.8e-05,
vnd,best,['transpose'],c_and_w,N-be75eec_150,2906657,2660170,2.8e-05,
vnd,best,['exchange'],random,N-be75eec_150,2906657,3373535,0.069136,
vnd,best,['exchange'],c_and_w,N-be75eec_150,2906657,3346308,0.068798,
vnd,best,['insert'],random,N-be75eec_150,2906657,3369650,0.14489,
vnd,best,['insert'],c_and_w,N-be75eec_150,2906657,3381254,0.115089,
vnd,first,['transpose'],random,N-be75eec_150,4142745,2169797,1.1e-05,
vnd,first,['transpose'],c_and_w,N-be75eec_150,4142745,2657351,1.3e-05,
vnd,first,['exchange'],random,N-be75eec_150,4142745,3396593,0.362441,
vnd,first,['exchange'],c_and_w,N-be75eec_150,4142745,3379429,0.266945,
vnd,first,['insert'],random,N-be75eec_150,4142745,3328604,0.141027,
vnd,first,['insert'],c_and_w,N-be75eec_150,4142745,3333196,0.145283,
vnd,best,['transpose'],random,N-be75eec_150,4142745,2182589,2.5e-05,
vnd,best,['transpose'],c_and_w,N-be75eec_150,4142745,2660170,2.9e-05,
vnd,best,['exchange'],random,N-be75eec_150,4142745,3373535,0.064897,
vnd,best,['exchange'],c_and_w,N-be75eec_150,4142745,3346308,0.055479,
vnd,best,['insert'],random,N-be75eec_150,4142745,3369650,0.113645,
vnd,best,['insert'],c_and_w,N-be75eec_150,4142745,3381254,0.138399,
vnd,first,['transpose'],random,N-be75eec_150,5370404,2169797,1.2e-05,
vnd,first,['transpose'],c_and_w,N-be75eec_150,5370404,2657351,3.2e-05,
vnd,first,['exchange'],random,N-be75eec_150,5370404,3396593,0.357149,
vnd,first,['exchange'],c_and_w,N-be75eec_150,5370404,3379429,0.315662,
vnd,first,['insert'],random,N-be75eec_150,5370404,3328604,0.13005,
vnd,first,['insert'],c_and_w,N-be75eec_150,5370404,3333196,0.129604,
vnd,best,['transpose'],random,N-be75eec_150,5370404,2182589,6.9e-05,
vnd,best,['transpose'],c_and_w,N-be75eec_150,5370404,2660170,2.9e-05,
vnd,best,['exchange'],random,N-be75eec_150,5370404,3373535,0.082453,
vnd,best,['exchange'],c_and_w,N-be75eec_150,5370404,3346308,0.063224,
vnd,best,['insert'],random,N-be75eec_150,5370404,3369650,0.129139,
vnd,best,['insert'],c_and_w,N-be75eec_150,5370404,3381254,0.118818,
vnd,first,['transpose'],random,N-be75eec_150,6324858,2169797,2.9e-05,
vnd,first,['transpose'],c_and_w,N-be75eec_150,6324858,2657351,3.3e-05,
vnd,first,['exchange'],random,N-be75eec_150,6324858,3396593,0.347965,
vnd,first,['exchange'],c_and_w,N-be75eec_150,6324858,3379429,0.271803,
vnd,first,['insert'],random,N-be75eec_150,6324858,3328604,0.142939,
vnd,first,['insert'],c_and_w,N-be75eec_150,6324858,3333196,0.120465,
vnd,best,['transpose'],random,N-be75eec_150,6324858,2182589,2.7e-05,
vnd,best,['transpose'],c_and_w,N-be75eec_150,6324858,2660170,7.4e-05,
vnd,best,['exchange'],random,N-be75eec_150,6324858,3373535,0.070171,
vnd,best,['exchange'],c_and_w,N-be75eec_150,6324858,3346308,0.069174,
vnd,best,['insert'],random,N-be75eec_150,6324858,3369650,0.136195,
vnd,best,['insert'],c_and_w,N-be75eec_150,6324858,3381254,0.126182,
vnd,first,['transpose'],random,N-be75eec_150,11149706,2169797,1.1e-05,
vnd,first,['transpose'],c_and_w,N-be75eec_150,11149706,2657351,3.2e-05,
vnd,first,['exchange'],random,N-be75eec_150,11149706,3396593,0.352357,
vnd,first,['exchange'],c_and_w,N-be75eec_150,11149706,3379429,0.259665,
vnd,first,['insert'],random,N-be75eec_150,11149706,3328604,0.127989,
vnd,first,['insert'],c_and_w,N-be75eec_150,11149706,3333196,0.121997,
vnd,best,['transpose'],random,N-be75eec_150,11149706,2182589,2.5e-05,
vnd,best,['transpose'],c_and_w,N-be75eec_150,11149706,2660170,2.9e-05,
vnd,best,['exchange'],random,N-be75eec_150,11149706,3373535,0.070337,
vnd,best,['exchange'],c_and_w,N-be75eec_150,11149706,3346308,0.057014,
vnd,best,['insert'],random,N-be75eec_150,11149706,3369650,0.120055,
vnd,best,['insert'],c_and_w,N-be75eec_150,11149706,3381254,0.125576,
vnd,first,['transpose'],random,N-be75eec_150,2387349,2169797,1e-05,
vnd,first,['transpose'],c_and_w,N-be75eec_150,2387349,2657351,1.3e-05,
vnd,first,['exchange'],random,N-be75eec_150,2387349,3396593,0.345757,
vnd,first,['exchange'],c_and_w,N-be75eec_150,2387349,3379429,0.274538,
vnd,first,['insert'],random,N-be75eec_150,2387349,3328604,0.135867,
vnd,first,['insert'],c_and_w,N-be75eec_150,2387349,3333196,0.143446,
vnd,best,['transpose'],random,N-be75eec_150,2387349,2182589,2.7e-05,
vnd,best,['transpose'],c_and_w,N-be75eec_150,2387349,2660170,2.8e-05,
vnd,best,['exchange'],random,N-be75eec_150,2387349,3373535,0.071494,
vnd,best,['exchange'],c_and_w,N-be75eec_150,2387349,3346308,0.075738,
vnd,best,['insert'],random,N-be75eec_150,2387349,3369650,0.125594,
vnd,best,['insert'],c_and_w,N-be75eec_150,2387349,3381254,0.133706,
vnd,first,['transpose'],random,N-be75eec_150,3060323,2169797,1.1e-05,
vnd,first,['transpose'],c_and_w,N-be75eec_150,3060323,2657351,1.3e-05,
vnd,first,['exchange'],random,N-be75eec_150,3060323,3396593,0.38275,
vnd,first,['exchange'],c_and_w,N-be75eec_150,3060323,3379429,0.280224,
vnd,first,['insert'],random,N-be75eec_150,3060323,3328604,0.133926,
vnd,first,['insert'],c_and_w,N-be75eec_150,3060323,3333196,0.133071,
vnd,best,['transpose'],random,N-be75eec_150,3060323,2182589,6.9e-05,
vnd,best,['transpose'],c_and_w,N-be75eec_150,3060323,2660170,2.9e-05,
vnd,best,['exchange'],random,N-be75eec_150,3060323,3373535,0.074903,
vnd,best,['exchange'],c_and_w,N-be75eec_150,3060323,3346308,0.05888,
vnd,best,['insert'],random,N-be75eec_150,3060323,3369650,0.129904,
vnd,best,['insert'],c_and_w,N-be75eec_150,3060323,3381254,0.130972,
vnd,first,['transpose'],random,N-be75eec_150,4948414,2169797,2.9e-05,
vnd,first,['transpose'],c_and_w,N-be75eec_150,4948414,2657351,1.3e-05,
vnd,first,['exchange'],random,N-be75eec_150,4948414,3396593,0.35279,
vnd,first,['exchange'],c_and_w,N-be75eec_150,4948414,3379429,0.303431,
vnd,first,['insert'],random,N-be75eec_150,4948414,3328604,0.13453,
vnd,first,['insert'],c_and_w,N-be75eec_150,4948414,3333196,0.161406,
vnd,best,['transpose'],random,N-be75eec_150,4948414,2182589,2.6e-05,
vnd,best,['transpose'],c_and_w,N-be75eec_150,4948414,2660170,2.8e-05,
vnd,best,['exchange'],random,N-be75eec_150,4948414,3373535,0.079185,
vnd,best,['exchange'],c_and_w,N-be75eec_150,4948414,3346308,0.055534,
vnd,best,['insert'],random,N-be75eec_150,4948414,3369650,0.137811,
vnd,best,['insert'],c_and_w,N-be75eec_150,4948414,3381254,0.126762,
vnd,first,['transpose'],random,N-be75eec_150,5289658,2169797,1.2e-05,
vnd,first,['transpose'],c_and_w,N-be75eec_150,5289658,2657351,1.3e-05,
vnd,first,['exchange'],random,N-be75eec_150,5289658,3396593,0.322203,
vnd,first,['exchange'],c_and_w,N-be75eec_150,5289658,3379429,0.270316,
vnd,first,['insert'],random,N-be75eec_150,5289658,3328604,0.122803,
vnd,first,['insert'],c_and_w,N-be75eec_150,5289658,3333196,0.135298,
vnd,best,['transpose'],random,N-be75eec_150,5289658,2182589,2.7e-05,
vnd,best,['transpose'],c_and_w,N-be75eec_150,5289658,2660170,2.9e-05,
vnd,best,['exchange'],random,N-be75eec_150,5289658,3373535,0.080157,
vnd,best,['exchange'],c_and_w,N-be75eec_150,5289658,3346308,0.06409,
vnd,best,['insert'],random,N-be75eec_150,5289658,3369650,0.108101,
vnd,best,['insert'],c_and_w,N-be75eec_150,5289658,3381254,0.115315,
vnd,first,['transpose'],random,N-be75eec_150,7451579,2169797,1e-05,
vnd,first,['transpose'],c_and_w,N-be75eec_150,7451579,2657351,1.2e-05,
vnd,first,['exchange'],random,N-be75eec_150,7451579,3396593,0.322325,
vnd,first,['exchange'],c_and_w,N-be75eec_150,7451579,3379429,0.265634,
vnd,first,['insert'],random,N-be75eec_150,7451579,3328604,0.122738,
vnd,first,['insert'],c_and_w,N-be75eec_150,7451579,3333196,0.128069,
vnd,best,['transpose'],random,N-be75eec_150,7451579,2182589,6.8e-05,
vnd,best,['transpose'],c_and_w,N-be75eec_150,7451579,2660170,2.9e-05,
vnd,best,['exchange'],random,N-be75eec_150,7451579,3373535,0.070737,
vnd,best,['exchange'],c_and_w,N-be75eec_150,7451579,3346308,0.069032,
vnd,best,['insert'],random,N-be75eec_150,7451579,3369650,0.115786,
vnd,best,['insert'],c_and_w,N-be75eec_150,7451579,3381254,0.118666,
