instance,best_known_cost,cost,elapsed_seconds,algo,pivot,neighborhood,sol_start,ils_perturb_rate,ils_n_try,ils_worst,solution
N-be75eec_150,3482828,3434940,19.278,ils,first,['exchange'],c_and_w,0.2,10,0,
N-be75eec_150,3482828,3434940,20.5019,ils,first,['exchange'],c_and_w,0.2,10,10,
N-be75eec_150,3482828,3441295,236.446,ils,first,['exchange'],c_and_w,0.2,100,0,
N-be75eec_150,3482828,3441295,227.514,ils,first,['exchange'],c_and_w,0.2,100,10,
N-be75eec_150,3482828,3425154,28.0484,ils,first,['exchange'],c_and_w,0.5,10,0,
N-be75eec_150,3482828,3425154,21.0255,ils,first,['exchange'],c_and_w,0.5,10,10,
N-be75eec_150,3482828,3438719,318.433,ils,first,['exchange'],c_and_w,0.5,100,0,
N-be75eec_150,3482828,3438719,313.762,ils,first,['exchange'],c_and_w,0.5,100,10,
N-be75eec_150,3482828,3429251,38.0806,ils,first,['exchange'],c_and_w,0.8,10,0,
N-be75eec_150,3482828,3429251,36.7546,ils,first,['exchange'],c_and_w,0.8,10,10,
N-be75eec_150,3482828,3445714,368.375,ils,first,['exchange'],c_and_w,0.8,100,0,
N-be75eec_150,3482828,3445714,369.309,ils,first,['exchange'],c_and_w,0.8,100,10,
N-be75eec_150,3482828,3424570,17.0168,ils,first,['exchange'],random,0.2,10,0,
N-be75eec_150,3482828,3424570,17.7482,ils,first,['exchange'],random,0.2,10,10,
N-be75eec_150,3482828,3424570,117.331,ils,first,['exchange'],random,0.2,100,0,
N-be75eec_150,3482828,3424570,121.375,ils,first,['exchange'],random,0.2,100,10,
N-be75eec_150,3482828,3428477,37.135,ils,first,['exchange'],random,0.5,10,0,
N-be75eec_150,3482828,3428477,37.3846,ils,first,['exchange'],random,0.5,10,10,
N-be75eec_150,3482828,3435936,385.765,ils,first,['exchange'],random,0.5,100,0,
N-be75eec_150,3482828,3435936,390.672,ils,first,['exchange'],random,0.5,100,10,
N-be75eec_150,3482828,3412946,32.9772,ils,first,['exchange'],random,0.8,10,0,
N-be75eec_150,3482828,3412946,34.7046,ils,first,['exchange'],random,0.8,10,10,
N-be75eec_150,3482828,3439976,473.487,ils,first,['exchange'],random,0.8,100,0,
N-be75eec_150,3482828,3439976,466.875,ils,first,['exchange'],random,0.8,100,10,
N-be75eec_150,3482828,3437569,25.8626,ils,first,"['transpose', 'exchange', 'insert']",c_and_w,0.2,10,0,
N-be75eec_150,3482828,3437569,25.5314,ils,first,"['transpose', 'exchange', 'insert']",c_and_w,0.2,10,10,
N-be75eec_150,3482828,3460227,405.163,ils,first,"['transpose', 'exchange', 'insert']",c_and_w,0.2,100,0,
N-be75eec_150,3482828,3460227,419.291,ils,first,"['transpose', 'exchange', 'insert']",c_and_w,0.2,100,10,
N-be75eec_150,3482828,3440792,42.328,ils,first,"['transpose', 'exchange', 'insert']",c_and_w,0.5,10,0,
N-be75eec_150,3482828,3440792,43.7442,ils,first,"['transpose', 'exchange', 'insert']",c_and_w,0.5,10,10,
N-be75eec_150,3482828,3452703,222.891,ils,first,"['transpose', 'exchange', 'insert']",c_and_w,0.5,100,0,
N-be75eec_150,3482828,3452703,218.086,ils,first,"['transpose', 'exchange', 'insert']",c_and_w,0.5,100,10,
N-be75eec_150,3482828,3438655,31.9931,ils,first,"['transpose', 'exchange', 'insert']",c_and_w,0.8,10,0,
N-be75eec_150,3482828,3438655,30.2179,ils,first,"['transpose', 'exchange', 'insert']",c_and_w,0.8,10,10,
N-be75eec_150,3482828,3441531,339.198,ils,first,"['transpose', 'exchange', 'insert']",c_and_w,0.8,100,0,
N-be75eec_150,3482828,3441531,336.013,ils,first,"['transpose', 'exchange', 'insert']",c_and_w,0.8,100,10,
N-be75eec_150,3482828,3449355,30.7331,ils,first,"['transpose', 'exchange', 'insert']",random,0.2,10,0,
N-be75eec_150,3482828,3449355,34.7662,ils,first,"['transpose', 'exchange', 'insert']",random,0.2,10,10,
N-be75eec_150,3482828,3459932,296.143,ils,first,"['transpose', 'exchange', 'insert']",random,0.2,100,0,
N-be75eec_150,3482828,3459932,301.192,ils,first,"['transpose', 'exchange', 'insert']",random,0.2,100,10,
N-be75eec_150,3482828,3438030,30.4403,ils,first,"['transpose', 'exchange', 'insert']",random,0.5,10,0,
N-be75eec_150,3482828,3438030,37.2274,ils,first,"['transpose', 'exchange', 'insert']",random,0.5,10,10,
N-be75eec_150,3482828,3447612,208.359,ils,first,"['transpose', 'exchange', 'insert']",random,0.5,100,0,
N-be75eec_150,3482828,3447612,213.121,ils,first,"['transpose', 'exchange', 'insert']",random,0.5,100,10,
N-be75eec_150,3482828,3436809,62.6306,ils,first,"['transpose', 'exchange', 'insert']",random,0.8,10,0,
N-be75eec_150,3482828,3436809,64.8437,ils,first,"['transpose', 'exchange', 'insert']",random,0.8,10,10,
N-be75eec_150,3482828,3436809,226.231,ils,first,"['transpose', 'exchange', 'insert']",random,0.8,100,0,
N-be75eec_150,3482828,3436809,227.6,ils,first,"['transpose', 'exchange', 'insert']",random,0.8,100,10,
N-be75eec_150,3482828,3432964,8.16433,ils,best,['exchange'],c_and_w,0.2,10,0,
N-be75eec_150,3482828,3432964,8.18778,ils,best,['exchange'],c_and_w,0.2,10,10,
N-be75eec_150,3482828,3449180,51.828,ils,best,['exchange'],c_and_w,0.2,100,0,
N-be75eec_150,3482828,3449180,52.1494,ils,best,['exchange'],c_and_w,0.2,100,10,
N-be75eec_150,3482828,3417961,6.74044,ils,best,['exchange'],c_and_w,0.5,10,0,
N-be75eec_150,3482828,3417961,6.79004,ils,best,['exchange'],c_and_w,0.5,10,10,
N-be75eec_150,3482828,3435480,68.1055,ils,best,['exchange'],c_and_w,0.5,100,0,
N-be75eec_150,3482828,3435480,65.2684,ils,best,['exchange'],c_and_w,0.5,100,10,
N-be75eec_150,3482828,3398694,7.57317,ils,best,['exchange'],c_and_w,0.8,10,0,
N-be75eec_150,3482828,3398694,6.42847,ils,best,['exchange'],c_and_w,0.8,10,10,
N-be75eec_150,3482828,3423823,72.2791,ils,best,['exchange'],c_and_w,0.8,100,0,
N-be75eec_150,3482828,3423823,72.4618,ils,best,['exchange'],c_and_w,0.8,100,10,
N-be75eec_150,3482828,3431770,4.61816,ils,best,['exchange'],random,0.2,10,0,
N-be75eec_150,3482828,3431770,6.72893,ils,best,['exchange'],random,0.2,10,10,
N-be75eec_150,3482828,3445409,68.6432,ils,best,['exchange'],random,0.2,100,0,
N-be75eec_150,3482828,3459544,98.4369,ils,best,['exchange'],random,0.2,100,10,
N-be75eec_150,3482828,3424424,6.86977,ils,best,['exchange'],random,0.5,10,0,
N-be75eec_150,3482828,3424424,6.07973,ils,best,['exchange'],random,0.5,10,10,
N-be75eec_150,3482828,3433290,72.5311,ils,best,['exchange'],random,0.5,100,0,
N-be75eec_150,3482828,3433290,73.3724,ils,best,['exchange'],random,0.5,100,10,
N-be75eec_150,3482828,3394791,5.6194,ils,best,['exchange'],random,0.8,10,0,
N-be75eec_150,3482828,3394791,6.12961,ils,best,['exchange'],random,0.8,10,10,
N-be75eec_150,3482828,3419591,46.6232,ils,best,['exchange'],random,0.8,100,0,
N-be75eec_150,3482828,3419591,49.6846,ils,best,['exchange'],random,0.8,100,10,
N-be75eec_150,3482828,3452325,8.67813,ils,best,"['transpose', 'exchange', 'insert']",c_and_w,0.2,10,0,
N-be75eec_150,3482828,3452325,7.99447,ils,best,"['transpose', 'exchange', 'insert']",c_and_w,0.2,10,10,
N-be75eec_150,3482828,3456794,59.5461,ils,best,"['transpose', 'exchange', 'insert']",c_and_w,0.2,100,0,
N-be75eec_150,3482828,3456794,60.6054,ils,best,"['transpose', 'exchange', 'insert']",c_and_w,0.2,100,10,
N-be75eec_150,3482828,3430507,8.33488,ils,best,"['transpose', 'exchange', 'insert']",c_and_w,0.5,10,0,
N-be75eec_150,3482828,3430507,9.1043,ils,best,"['transpose', 'exchange', 'insert']",c_and_w,0.5,10,10,
N-be75eec_150,3482828,3445026,65.1041,ils,best,"['transpose', 'exchange', 'insert']",c_and_w,0.5,100,0,
N-be75eec_150,3482828,3445026,60.2398,ils,best,"['transpose', 'exchange', 'insert']",c_and_w,0.5,100,10,
N-be75eec_150,3482828,3425230,16.3398,ils,best,"['transpose', 'exchange', 'insert']",c_and_w,0.8,10,0,
N-be75eec_150,3482828,3425230,16.5628,ils,best,"['transpose', 'exchange', 'insert']",c_and_w,0.8,10,10,
N-be75eec_150,3482828,3437035,92.3438,ils,best,"['transpose', 'exchange', 'insert']",c_and_w,0.8,100,0,
N-be75eec_150,3482828,3437035,87.851,ils,best,"['transpose', 'exchange', 'insert']",c_and_w,0.8,100,10,
N-be75eec_150,3482828,3437576,5.98672,ils,best,"['transpose', 'exchange', 'insert']",random,0.2,10,0,
N-be75eec_150,3482828,3437576,6.88893,ils,best,"['transpose', 'exchange', 'insert']",random,0.2,10,10,
N-be75eec_150,3482828,3457610,108.772,ils,best,"['transpose', 'exchange', 'insert']",random,0.2,100,0,
N-be75eec_150,3482828,3456412,94.209,ils,best,"['transpose', 'exchange', 'insert']",random,0.2,100,10,
N-be75eec_150,3482828,3430297,16.632,ils,best,"['transpose', 'exchange', 'insert']",random,0.5,10,0,
N-be75eec_150,3482828,3430297,15.1432,ils,best,"['transpose', 'exchange', 'insert']",random,0.5,10,10,
N-be75eec_150,3482828,3450818,86.7518,ils,best,"['transpose', 'exchange', 'insert']",random,0.5,100,0,
N-be75eec_150,3482828,3450818,81.688,ils,best,"['transpose', 'exchange', 'insert']",random,0.5,100,10,
N-be75eec_150,3482828,3426721,12.6287,ils,best,"['transpose', 'exchange', 'insert']",random,0.8,10,0,
N-be75eec_150,3482828,3426721,12.9229,ils,best,"['transpose', 'exchange', 'insert']",random,0.8,10,10,
N-be75eec_150,3482828,3447103,83.506,ils,best,"['transpose', 'exchange', 'insert']",random,0.8,100,0,
N-be75eec_150,3482828,3447103,77.1243,ils,best,"['transpose', 'exchange', 'insert']",random,0.8,100,10,
