instance,best_known_cost,cost,elapsed_seconds,algo,pivot,neighborhood,sol_start,solution
N-be75eec_150,3482828,2131491,0.000108,vnd,first,['transpose'],random,
N-be75eec_150,3482828,2657375,9.3e-05,vnd,first,['transpose'],c_and_w,
N-be75eec_150,3482828,3397099,1.46953,vnd,first,['exchange'],random,
N-be75eec_150,3482828,3375115,1.12217,vnd,first,['exchange'],c_and_w,
N-be75eec_150,3482828,3324546,0.454306,vnd,first,['insert'],random,
N-be75eec_150,3482828,3333196,0.605484,vnd,first,['insert'],c_and_w,
N-be75eec_150,3482828,2147692,0.000155,vnd,best,['transpose'],random,
N-be75eec_150,3482828,2660194,0.000164,vnd,best,['transpose'],c_and_w,
N-be75eec_150,3482828,3370646,0.266853,vnd,best,['exchange'],random,
N-be75eec_150,3482828,3346308,0.217931,vnd,best,['exchange'],c_and_w,
N-be75eec_150,3482828,3347086,0.563518,vnd,best,['insert'],random,
N-be75eec_150,3482828,3380985,0.454023,vnd,best,['insert'],c_and_w,
N-be75np_150,7174325,4809500,7.3e-05,vnd,first,['transpose'],random,
N-be75np_150,7174325,5721168,8.7e-05,vnd,first,['transpose'],c_and_w,
N-be75np_150,7174325,7002130,1.4849,vnd,first,['exchange'],random,
N-be75np_150,7174325,7004191,1.15971,vnd,first,['exchange'],c_and_w,
N-be75np_150,7174325,6895980,0.414498,vnd,first,['insert'],random,
N-be75np_150,7174325,6879929,0.272635,vnd,first,['insert'],c_and_w,
N-be75np_150,7174325,4807943,0.000202,vnd,best,['transpose'],random,
N-be75np_150,7174325,5714853,0.000204,vnd,best,['transpose'],c_and_w,
N-be75np_150,7174325,6937823,0.304018,vnd,best,['exchange'],random,
N-be75np_150,7174325,6918359,0.156733,vnd,best,['exchange'],c_and_w,
N-be75np_150,7174325,6943873,0.61608,vnd,best,['insert'],random,
N-be75np_150,7174325,6977550,0.519912,vnd,best,['insert'],c_and_w,
N-be75oi_150,2246534,1494458,3.8e-05,vnd,first,['transpose'],random,
N-be75oi_150,2246534,1850961,3.9e-05,vnd,first,['transpose'],c_and_w,
N-be75oi_150,2246534,2200985,1.05377,vnd,first,['exchange'],random,
N-be75oi_150,2246534,2208043,1.26681,vnd,first,['exchange'],c_and_w,
N-be75oi_150,2246534,2169093,0.339173,vnd,first,['insert'],random,
N-be75oi_150,2246534,2200184,0.423441,vnd,first,['insert'],c_and_w,
N-be75oi_150,2246534,1494457,0.000126,vnd,best,['transpose'],random,
N-be75oi_150,2246534,1871885,0.000135,vnd,best,['transpose'],c_and_w,
N-be75oi_150,2246534,2206582,0.382237,vnd,best,['exchange'],random,
N-be75oi_150,2246534,2193355,0.261508,vnd,best,['exchange'],c_and_w,
N-be75oi_150,2246534,2208302,0.527963,vnd,best,['insert'],random,
N-be75oi_150,2246534,2205529,0.545872,vnd,best,['insert'],c_and_w,
N-be75tot_150,12287707,7879066,0.000103,vnd,first,['transpose'],random,
N-be75tot_150,12287707,9476343,6.7e-05,vnd,first,['transpose'],c_and_w,
N-be75tot_150,12287707,11881492,1.57996,vnd,first,['exchange'],random,
N-be75tot_150,12287707,11924455,1.59168,vnd,first,['exchange'],c_and_w,
N-be75tot_150,12287707,11627755,0.570534,vnd,first,['insert'],random,
N-be75tot_150,12287707,11635449,0.382727,vnd,first,['insert'],c_and_w,
N-be75tot_150,12287707,7876149,0.000222,vnd,best,['transpose'],random,
N-be75tot_150,12287707,9457008,0.000177,vnd,best,['transpose'],c_and_w,
N-be75tot_150,12287707,11788049,0.290284,vnd,best,['exchange'],random,
N-be75tot_150,12287707,11782831,0.282635,vnd,best,['exchange'],c_and_w,
N-be75tot_150,12287707,11847636,0.436777,vnd,best,['insert'],random,
N-be75tot_150,12287707,11782146,0.435221,vnd,best,['insert'],c_and_w,
N-stabu1_150,2875732,1827538,7.8e-05,vnd,first,['transpose'],random,
N-stabu1_150,2875732,2269045,8.2e-05,vnd,first,['transpose'],c_and_w,
N-stabu1_150,2875732,2800349,1.60323,vnd,first,['exchange'],random,
N-stabu1_150,2875732,2804649,1.56707,vnd,first,['exchange'],c_and_w,
N-stabu1_150,2875732,2772957,0.583676,vnd,first,['insert'],random,
N-stabu1_150,2875732,2746607,0.374908,vnd,first,['insert'],c_and_w,
N-stabu1_150,2875732,1848771,0.000244,vnd,best,['transpose'],random,
N-stabu1_150,2875732,2267306,0.000178,vnd,best,['transpose'],c_and_w,
N-stabu1_150,2875732,2769345,0.299376,vnd,best,['exchange'],random,
N-stabu1_150,2875732,2788883,0.357052,vnd,best,['exchange'],c_and_w,
N-stabu1_150,2875732,2767212,0.582105,vnd,best,['insert'],random,
N-stabu1_150,2875732,2786415,0.626402,vnd,best,['insert'],c_and_w,
N-stabu2_150,4327538,2909009,8.5e-05,vnd,first,['transpose'],random,
N-stabu2_150,4327538,3416385,8.2e-05,vnd,first,['transpose'],c_and_w,
N-stabu2_150,4327538,4215338,1.84764,vnd,first,['exchange'],random,
N-stabu2_150,4327538,4253389,1.35971,vnd,first,['exchange'],c_and_w,
N-stabu2_150,4327538,4163072,0.351337,vnd,first,['insert'],random,
N-stabu2_150,4327538,4151025,0.518697,vnd,first,['insert'],c_and_w,
N-stabu2_150,4327538,2736232,0.00018,vnd,best,['transpose'],random,
N-stabu2_150,4327538,3400569,0.000203,vnd,best,['transpose'],c_and_w,
N-stabu2_150,4327538,4231238,0.2481,vnd,best,['exchange'],random,
N-stabu2_150,4327538,4186630,0.273924,vnd,best,['exchange'],c_and_w,
N-stabu2_150,4327538,4156705,0.361608,vnd,best,['insert'],random,
N-stabu2_150,4327538,4189222,0.5192,vnd,best,['insert'],c_and_w,
N-stabu3_150,4510445,2707411,9.1e-05,vnd,first,['transpose'],random,
N-stabu3_150,4510445,3559044,9.2e-05,vnd,first,['transpose'],c_and_w,
N-stabu3_150,4510445,4398699,1.56426,vnd,first,['exchange'],random,
N-stabu3_150,4510445,4410405,1.40692,vnd,first,['exchange'],c_and_w,
N-stabu3_150,4510445,4330709,0.536298,vnd,first,['insert'],random,
N-stabu3_150,4510445,4357245,0.398599,vnd,first,['insert'],c_and_w,
N-stabu3_150,4510445,2702942,0.00021,vnd,best,['transpose'],random,
N-stabu3_150,4510445,3564470,0.000229,vnd,best,['transpose'],c_and_w,
N-stabu3_150,4510445,4350861,0.279431,vnd,best,['exchange'],random,
N-stabu3_150,4510445,4382270,0.322783,vnd,best,['exchange'],c_and_w,
N-stabu3_150,4510445,4353021,0.534301,vnd,best,['insert'],random,
N-stabu3_150,4510445,4404425,0.441926,vnd,best,['insert'],c_and_w,
N-t59b11xx_150,3239550,2190795,5.6e-05,vnd,first,['transpose'],random,
N-t59b11xx_150,3239550,2447230,4.5e-05,vnd,first,['transpose'],c_and_w,
N-t59b11xx_150,3239550,3173245,1.14039,vnd,first,['exchange'],random,
N-t59b11xx_150,3239550,3152415,0.859923,vnd,first,['exchange'],c_and_w,
N-t59b11xx_150,3239550,3075275,0.261167,vnd,first,['insert'],random,
N-t59b11xx_150,3239550,3101540,0.297497,vnd,first,['insert'],c_and_w,
N-t59b11xx_150,3239550,2187470,0.000127,vnd,best,['transpose'],random,
N-t59b11xx_150,3239550,2450455,0.000169,vnd,best,['transpose'],c_and_w,
N-t59b11xx_150,3239550,3127495,0.259579,vnd,best,['exchange'],random,
N-t59b11xx_150,3239550,3141920,0.246799,vnd,best,['exchange'],c_and_w,
N-t59b11xx_150,3239550,3116150,0.444034,vnd,best,['insert'],random,
N-t59b11xx_150,3239550,3120510,0.506646,vnd,best,['insert'],c_and_w,
N-t59d11xx_150,1462697,944878,5.7e-05,vnd,first,['transpose'],random,
N-t59d11xx_150,1462697,1110698,5e-05,vnd,first,['transpose'],c_and_w,
N-t59d11xx_150,1462697,1420614,1.1686,vnd,first,['exchange'],random,
N-t59d11xx_150,1462697,1416478,1.1588,vnd,first,['exchange'],c_and_w,
N-t59d11xx_150,1462697,1418225,0.44116,vnd,first,['insert'],random,
N-t59d11xx_150,1462697,1402064,0.441791,vnd,first,['insert'],c_and_w,
N-t59d11xx_150,1462697,947513,0.000178,vnd,best,['transpose'],random,
N-t59d11xx_150,1462697,1111168,0.000147,vnd,best,['transpose'],c_and_w,
N-t59d11xx_150,1462697,1408677,0.287055,vnd,best,['exchange'],random,
N-t59d11xx_150,1462697,1413204,0.213044,vnd,best,['exchange'],c_and_w,
N-t59d11xx_150,1462697,1405084,0.609723,vnd,best,['insert'],random,
N-t59d11xx_150,1462697,1405375,0.507938,vnd,best,['insert'],c_and_w,
N-t59f11xx_150,1543733,1021697,4.1e-05,vnd,first,['transpose'],random,
N-t59f11xx_150,1543733,1202538,3.7e-05,vnd,first,['transpose'],c_and_w,
N-t59f11xx_150,1543733,1489560,0.756332,vnd,first,['exchange'],random,
N-t59f11xx_150,1543733,1495697,1.15864,vnd,first,['exchange'],c_and_w,
N-t59f11xx_150,1543733,1487218,0.394085,vnd,first,['insert'],random,
N-t59f11xx_150,1543733,1479441,0.426651,vnd,first,['insert'],c_and_w,
N-t59f11xx_150,1543733,1025202,0.000177,vnd,best,['transpose'],random,
N-t59f11xx_150,1543733,1204498,0.000132,vnd,best,['transpose'],c_and_w,
N-t59f11xx_150,1543733,1490221,0.257882,vnd,best,['exchange'],random,
N-t59f11xx_150,1543733,1490682,0.235857,vnd,best,['exchange'],c_and_w,
N-t59f11xx_150,1543733,1492960,0.583499,vnd,best,['insert'],random,
N-t59f11xx_150,1543733,1492754,0.549927,vnd,best,['insert'],c_and_w,
N-t59n11xx_150,318960,204106,4.6e-05,vnd,first,['transpose'],random,
N-t59n11xx_150,318960,235383,4.4e-05,vnd,first,['transpose'],c_and_w,
N-t59n11xx_150,318960,309357,1.3172,vnd,first,['exchange'],random,
N-t59n11xx_150,318960,309639,1.06734,vnd,first,['exchange'],c_and_w,
N-t59n11xx_150,318960,305574,0.471109,vnd,first,['insert'],random,
N-t59n11xx_150,318960,303303,0.496161,vnd,first,['insert'],c_and_w,
N-t59n11xx_150,318960,202548,0.000141,vnd,best,['transpose'],random,
N-t59n11xx_150,318960,235656,0.00014,vnd,best,['transpose'],c_and_w,
N-t59n11xx_150,318960,309362,0.3477,vnd,best,['exchange'],random,
N-t59n11xx_150,318960,307164,0.260606,vnd,best,['exchange'],c_and_w,
N-t59n11xx_150,318960,310411,0.517779,vnd,best,['insert'],random,
N-t59n11xx_150,318960,309228,0.496337,vnd,best,['insert'],c_and_w,
N-t65b11xx_150,6453836,4321260,5.6e-05,vnd,first,['transpose'],random,
N-t65b11xx_150,6453836,5083985,9.4e-05,vnd,first,['transpose'],c_and_w,
N-t65b11xx_150,6453836,6288862,1.76761,vnd,first,['exchange'],random,
N-t65b11xx_150,6453836,6257419,1.1368,vnd,first,['exchange'],c_and_w,
N-t65b11xx_150,6453836,6126374,0.377406,vnd,first,['insert'],random,
N-t65b11xx_150,6453836,6196205,0.553086,vnd,first,['insert'],c_and_w,
N-t65b11xx_150,6453836,4336920,0.000214,vnd,best,['transpose'],random,
N-t65b11xx_150,6453836,5086579,0.0002,vnd,best,['transpose'],c_and_w,
N-t65b11xx_150,6453836,6155506,0.293806,vnd,best,['exchange'],random,
N-t65b11xx_150,6453836,6232952,0.189699,vnd,best,['exchange'],c_and_w,
N-t65b11xx_150,6453836,6181702,0.626149,vnd,best,['insert'],random,
N-t65b11xx_150,6453836,6262305,0.550077,vnd,best,['insert'],c_and_w,
N-t65d11xx_150,3559347,2385962,9e-05,vnd,first,['transpose'],random,
N-t65d11xx_150,3559347,2777233,6.3e-05,vnd,first,['transpose'],c_and_w,
N-t65d11xx_150,3559347,3451744,1.41233,vnd,first,['exchange'],random,
N-t65d11xx_150,3559347,3443247,1.07431,vnd,first,['exchange'],c_and_w,
N-t65d11xx_150,3559347,3415661,0.491083,vnd,first,['insert'],random,
N-t65d11xx_150,3559347,3400253,0.536332,vnd,first,['insert'],c_and_w,
N-t65d11xx_150,3559347,2398550,0.000245,vnd,best,['transpose'],random,
N-t65d11xx_150,3559347,2789357,0.000181,vnd,best,['transpose'],c_and_w,
N-t65d11xx_150,3559347,3436373,0.329811,vnd,best,['exchange'],random,
N-t65d11xx_150,3559347,3429156,0.260696,vnd,best,['exchange'],c_and_w,
N-t65d11xx_150,3559347,3433003,0.42588,vnd,best,['insert'],random,
N-t65d11xx_150,3559347,3464249,0.419509,vnd,best,['insert'],c_and_w,
N-t65f11xx_150,3159326,2224950,8.2e-05,vnd,first,['transpose'],random,
N-t65f11xx_150,3159326,2435847,8e-05,vnd,first,['transpose'],c_and_w,
N-t65f11xx_150,3159326,3061563,1.34145,vnd,first,['exchange'],random,
N-t65f11xx_150,3159326,3057837,0.993446,vnd,first,['exchange'],c_and_w,
N-t65f11xx_150,3159326,3058795,0.557064,vnd,first,['insert'],random,
N-t65f11xx_150,3159326,3042973,0.506968,vnd,first,['insert'],c_and_w,
N-t65f11xx_150,3159326,2231504,0.000211,vnd,best,['transpose'],random,
N-t65f11xx_150,3159326,2433795,0.000211,vnd,best,['transpose'],c_and_w,
N-t65f11xx_150,3159326,3018100,0.309497,vnd,best,['exchange'],random,
N-t65f11xx_150,3159326,3051208,0.220648,vnd,best,['exchange'],c_and_w,
N-t65f11xx_150,3159326,3041086,0.601106,vnd,best,['insert'],random,
N-t65f11xx_150,3159326,3037805,0.463854,vnd,best,['insert'],c_and_w,
N-t65l11xx_150,253396,134499,4.9e-05,vnd,first,['transpose'],random,
N-t65l11xx_150,253396,210214,2.3e-05,vnd,first,['transpose'],c_and_w,
N-t65l11xx_150,253396,250051,1.19601,vnd,first,['exchange'],random,
N-t65l11xx_150,253396,248636,0.705859,vnd,first,['exchange'],c_and_w,
N-t65l11xx_150,253396,245501,0.322981,vnd,first,['insert'],random,
N-t65l11xx_150,253396,243715,0.345915,vnd,first,['insert'],c_and_w,
N-t65l11xx_150,253396,134677,6.4e-05,vnd,best,['transpose'],random,
N-t65l11xx_150,253396,211115,8.4e-05,vnd,best,['transpose'],c_and_w,
N-t65l11xx_150,253396,247080,0.253295,vnd,best,['exchange'],random,
N-t65l11xx_150,253396,245311,0.299001,vnd,best,['exchange'],c_and_w,
N-t65l11xx_150,253396,244808,0.533462,vnd,best,['insert'],random,
N-t65l11xx_150,253396,246548,0.417966,vnd,best,['insert'],c_and_w,
N-t65n11xx_150,550733,342935,5.6e-05,vnd,first,['transpose'],random,
N-t65n11xx_150,550733,409192,4e-05,vnd,first,['transpose'],c_and_w,
N-t65n11xx_150,550733,535610,1.49605,vnd,first,['exchange'],random,
N-t65n11xx_150,550733,535644,0.822815,vnd,first,['exchange'],c_and_w,
N-t65n11xx_150,550733,527574,0.368302,vnd,first,['insert'],random,
N-t65n11xx_150,550733,523800,0.465895,vnd,first,['insert'],c_and_w,
N-t65n11xx_150,550733,346166,0.000178,vnd,best,['transpose'],random,
N-t65n11xx_150,550733,410273,0.000188,vnd,best,['transpose'],c_and_w,
N-t65n11xx_150,550733,531415,0.27739,vnd,best,['exchange'],random,
N-t65n11xx_150,550733,527299,0.198149,vnd,best,['exchange'],c_and_w,
N-t65n11xx_150,550733,532005,0.43197,vnd,best,['insert'],random,
N-t65n11xx_150,550733,535600,0.591279,vnd,best,['insert'],c_and_w,
N-t69r11xx_150,11855957,7678582,6.7e-05,vnd,first,['transpose'],random,
N-t69r11xx_150,11855957,8581999,5.4e-05,vnd,first,['transpose'],c_and_w,
N-t69r11xx_150,11855957,11426358,1.33282,vnd,first,['exchange'],random,
N-t69r11xx_150,11855957,11445851,1.06087,vnd,first,['exchange'],c_and_w,
N-t69r11xx_150,11855957,11280470,0.286824,vnd,first,['insert'],random,
N-t69r11xx_150,11855957,11345261,0.440558,vnd,first,['insert'],c_and_w,
N-t69r11xx_150,11855957,7609678,0.000162,vnd,best,['transpose'],random,
N-t69r11xx_150,11855957,8611044,0.000144,vnd,best,['transpose'],c_and_w,
N-t69r11xx_150,11855957,11418554,0.313939,vnd,best,['exchange'],random,
N-t69r11xx_150,11855957,11294737,0.304301,vnd,best,['exchange'],c_and_w,
N-t69r11xx_150,11855957,11470391,0.594615,vnd,best,['insert'],random,
N-t69r11xx_150,11855957,11447616,0.653864,vnd,best,['insert'],c_and_w,
N-t70b11xx_150,9647229,6205438,6.9e-05,vnd,first,['transpose'],random,
N-t70b11xx_150,9647229,7437513,5.9e-05,vnd,first,['transpose'],c_and_w,
N-t70b11xx_150,9647229,9387680,1.09547,vnd,first,['exchange'],random,
N-t70b11xx_150,9647229,9436946,1.54333,vnd,first,['exchange'],c_and_w,
N-t70b11xx_150,9647229,9134718,0.327511,vnd,first,['insert'],random,
N-t70b11xx_150,9647229,9230390,0.524134,vnd,first,['insert'],c_and_w,
N-t70b11xx_150,9647229,6161413,0.000167,vnd,best,['transpose'],random,
N-t70b11xx_150,9647229,7445482,0.00016,vnd,best,['transpose'],c_and_w,
N-t70b11xx_150,9647229,9287815,0.285007,vnd,best,['exchange'],random,
N-t70b11xx_150,9647229,9424838,0.166331,vnd,best,['exchange'],c_and_w,
N-t70b11xx_150,9647229,9335032,0.571302,vnd,best,['insert'],random,
N-t70b11xx_150,9647229,9393729,0.619423,vnd,best,['insert'],c_and_w,
N-t70d11xn_150,5825147,3608392,8.7e-05,vnd,first,['transpose'],random,
N-t70d11xn_150,5825147,4555030,7.6e-05,vnd,first,['transpose'],c_and_w,
N-t70d11xn_150,5825147,5632012,1.60351,vnd,first,['exchange'],random,
N-t70d11xn_150,5825147,5674569,1.38683,vnd,first,['exchange'],c_and_w,
N-t70d11xn_150,5825147,5591919,0.44826,vnd,first,['insert'],random,
N-t70d11xn_150,5825147,5643774,0.531984,vnd,first,['insert'],c_and_w,
N-t70d11xn_150,5825147,3608272,0.000236,vnd,best,['transpose'],random,
N-t70d11xn_150,5825147,4532338,0.0002,vnd,best,['transpose'],c_and_w,
N-t70d11xn_150,5825147,5581792,0.368511,vnd,best,['exchange'],random,
N-t70d11xn_150,5825147,5593165,0.265657,vnd,best,['exchange'],c_and_w,
N-t70d11xn_150,5825147,5629551,0.499619,vnd,best,['insert'],random,
N-t70d11xn_150,5825147,5676530,0.541519,vnd,best,['insert'],c_and_w,
N-t70d11xx_150,6174178,4283429,9.2e-05,vnd,first,['transpose'],random,
N-t70d11xx_150,6174178,4943317,9.1e-05,vnd,first,['transpose'],c_and_w,
N-t70d11xx_150,6174178,5968613,1.57568,vnd,first,['exchange'],random,
N-t70d11xx_150,6174178,6000014,1.26017,vnd,first,['exchange'],c_and_w,
N-t70d11xx_150,6174178,5937489,0.613999,vnd,first,['insert'],random,
N-t70d11xx_150,6174178,5841449,0.385293,vnd,first,['insert'],c_and_w,
N-t70d11xx_150,6174178,4258714,0.000296,vnd,best,['transpose'],random,
N-t70d11xx_150,6174178,4951210,0.000253,vnd,best,['transpose'],c_and_w,
N-t70d11xx_150,6174178,5913842,0.240128,vnd,best,['exchange'],random,
N-t70d11xx_150,6174178,5995063,0.309812,vnd,best,['exchange'],c_and_w,
N-t70d11xx_150,6174178,5953194,0.543462,vnd,best,['insert'],random,
N-t70d11xx_150,6174178,5978746,0.492517,vnd,best,['insert'],c_and_w,
N-t70f11xx_150,5150097,3241715,6.7e-05,vnd,first,['transpose'],random,
N-t70f11xx_150,5150097,4021334,5.8e-05,vnd,first,['transpose'],c_and_w,
N-t70f11xx_150,5150097,4944910,1.29675,vnd,first,['exchange'],random,
N-t70f11xx_150,5150097,4969149,0.913542,vnd,first,['exchange'],c_and_w,
N-t70f11xx_150,5150097,4960637,0.406299,vnd,first,['insert'],random,
N-t70f11xx_150,5150097,4916930,0.439899,vnd,first,['insert'],c_and_w,
N-t70f11xx_150,5150097,3248829,0.000173,vnd,best,['transpose'],random,
N-t70f11xx_150,5150097,4030582,0.000154,vnd,best,['transpose'],c_and_w,
N-t70f11xx_150,5150097,4932812,0.265902,vnd,best,['exchange'],random,
N-t70f11xx_150,5150097,4941562,0.282773,vnd,best,['exchange'],c_and_w,
N-t70f11xx_150,5150097,4934509,0.48853,vnd,best,['insert'],random,
N-t70f11xx_150,5150097,4978388,0.503486,vnd,best,['insert'],c_and_w,
N-t70l11xx_150,436862,271234,4.1e-05,vnd,first,['transpose'],random,
N-t70l11xx_150,436862,315411,2.6e-05,vnd,first,['transpose'],c_and_w,
N-t70l11xx_150,436862,422865,1.16032,vnd,first,['exchange'],random,
N-t70l11xx_150,436862,424741,1.35868,vnd,first,['exchange'],c_and_w,
N-t70l11xx_150,436862,413885,0.36069,vnd,first,['insert'],random,
N-t70l11xx_150,436862,422436,0.36484,vnd,first,['insert'],c_and_w,
N-t70l11xx_150,436862,271234,7.2e-05,vnd,best,['transpose'],random,
N-t70l11xx_150,436862,315420,6.9e-05,vnd,best,['transpose'],c_and_w,
N-t70l11xx_150,436862,419713,0.16878,vnd,best,['exchange'],random,
N-t70l11xx_150,436862,415976,0.249921,vnd,best,['exchange'],c_and_w,
N-t70l11xx_150,436862,415539,0.362501,vnd,best,['insert'],random,
N-t70l11xx_150,436862,419733,0.488199,vnd,best,['insert'],c_and_w,
N-t70n11xx_150,948913,593115,8.6e-05,vnd,first,['transpose'],random,
N-t70n11xx_150,948913,695177,5.2e-05,vnd,first,['transpose'],c_and_w,
N-t70n11xx_150,948913,917529,1.76465,vnd,first,['exchange'],random,
N-t70n11xx_150,948913,922011,1.21,vnd,first,['exchange'],c_and_w,
N-t70n11xx_150,948913,902156,0.43386,vnd,first,['insert'],random,
N-t70n11xx_150,948913,905879,0.416419,vnd,first,['insert'],c_and_w,
N-t70n11xx_150,948913,600050,0.000197,vnd,best,['transpose'],random,
N-t70n11xx_150,948913,695485,0.00014,vnd,best,['transpose'],c_and_w,
N-t70n11xx_150,948913,910062,0.30663,vnd,best,['exchange'],random,
N-t70n11xx_150,948913,913091,0.273385,vnd,best,['exchange'],c_and_w,
N-t70n11xx_150,948913,919986,0.586937,vnd,best,['insert'],random,
N-t70n11xx_150,948913,902292,0.555675,vnd,best,['insert'],c_and_w,
N-t74d11xx_150,9396044,6301767,9.6e-05,vnd,first,['transpose'],random,
N-t74d11xx_150,9396044,7500059,9.7e-05,vnd,first,['transpose'],c_and_w,
N-t74d11xx_150,9396044,9119373,1.622,vnd,first,['exchange'],random,
N-t74d11xx_150,9396044,9162763,1.34402,vnd,first,['exchange'],c_and_w,
N-t74d11xx_150,9396044,9083268,0.326192,vnd,first,['insert'],random,
N-t74d11xx_150,9396044,9069101,0.666618,vnd,first,['insert'],c_and_w,
N-t74d11xx_150,9396044,6323926,0.000199,vnd,best,['transpose'],random,
N-t74d11xx_150,9396044,7512478,0.000307,vnd,best,['transpose'],c_and_w,
N-t74d11xx_150,9396044,9024253,0.193831,vnd,best,['exchange'],random,
N-t74d11xx_150,9396044,9120075,0.316111,vnd,best,['exchange'],c_and_w,
N-t74d11xx_150,9396044,8970232,0.568274,vnd,best,['insert'],random,
N-t74d11xx_150,9396044,9147744,0.584748,vnd,best,['insert'],c_and_w,
N-t75d11xx_150,9642140,6114949,8.9e-05,vnd,first,['transpose'],random,
N-t75d11xx_150,9642140,7563733,7.1e-05,vnd,first,['transpose'],c_and_w,
N-t75d11xx_150,9642140,9389095,1.59802,vnd,first,['exchange'],random,
N-t75d11xx_150,9642140,9389135,1.60665,vnd,first,['exchange'],c_and_w,
N-t75d11xx_150,9642140,9211054,0.634395,vnd,first,['insert'],random,
N-t75d11xx_150,9642140,9317369,0.731044,vnd,first,['insert'],c_and_w,
N-t75d11xx_150,9642140,6173644,0.000242,vnd,best,['transpose'],random,
N-t75d11xx_150,9642140,7588126,0.000208,vnd,best,['transpose'],c_and_w,
N-t75d11xx_150,9642140,9232902,0.27613,vnd,best,['exchange'],random,
N-t75d11xx_150,9642140,9298657,0.315807,vnd,best,['exchange'],c_and_w,
N-t75d11xx_150,9642140,9314071,0.502427,vnd,best,['insert'],random,
N-t75d11xx_150,9642140,9413670,0.550025,vnd,best,['insert'],c_and_w,
N-t75e11xx_150,41570193,26841183,8.1e-05,vnd,first,['transpose'],random,
N-t75e11xx_150,41570193,32839998,9.7e-05,vnd,first,['transpose'],c_and_w,
N-t75e11xx_150,41570193,40263882,1.60526,vnd,first,['exchange'],random,
N-t75e11xx_150,41570193,40673359,1.5466,vnd,first,['exchange'],c_and_w,
N-t75e11xx_150,41570193,39441611,0.545684,vnd,first,['insert'],random,
N-t75e11xx_150,41570193,39526638,0.503984,vnd,first,['insert'],c_and_w,
N-t75e11xx_150,41570193,26969136,0.00022,vnd,best,['transpose'],random,
N-t75e11xx_150,41570193,32688411,0.000227,vnd,best,['transpose'],c_and_w,
N-t75e11xx_150,41570193,40126202,0.341608,vnd,best,['exchange'],random,
N-t75e11xx_150,41570193,39944204,0.268374,vnd,best,['exchange'],c_and_w,
N-t75e11xx_150,41570193,40125730,0.591757,vnd,best,['insert'],random,
N-t75e11xx_150,41570193,40599059,0.500733,vnd,best,['insert'],c_and_w,
N-t75k11xx_150,1541596,996451,7.4e-05,vnd,first,['transpose'],random,
N-t75k11xx_150,1541596,1133450,6.4e-05,vnd,first,['transpose'],c_and_w,
N-t75k11xx_150,1541596,1500214,1.55658,vnd,first,['exchange'],random,
N-t75k11xx_150,1541596,1504582,1.46077,vnd,first,['exchange'],c_and_w,
N-t75k11xx_150,1541596,1468882,0.23245,vnd,first,['insert'],random,
N-t75k11xx_150,1541596,1477164,0.521286,vnd,first,['insert'],c_and_w,
N-t75k11xx_150,1541596,1006298,0.000213,vnd,best,['transpose'],random,
N-t75k11xx_150,1541596,1131605,0.000174,vnd,best,['transpose'],c_and_w,
N-t75k11xx_150,1541596,1483168,0.300781,vnd,best,['exchange'],random,
N-t75k11xx_150,1541596,1468004,0.298708,vnd,best,['exchange'],c_and_w,
N-t75k11xx_150,1541596,1499066,0.522704,vnd,best,['insert'],random,
N-t75k11xx_150,1541596,1497564,0.553051,vnd,best,['insert'],c_and_w,
N-t75n11xx_150,1743094,1081423,6.5e-05,vnd,first,['transpose'],random,
N-t75n11xx_150,1743094,1291642,6.8e-05,vnd,first,['transpose'],c_and_w,
N-t75n11xx_150,1743094,1682018,1.51137,vnd,first,['exchange'],random,
N-t75n11xx_150,1743094,1679209,1.39364,vnd,first,['exchange'],c_and_w,
N-t75n11xx_150,1743094,1666208,0.315042,vnd,first,['insert'],random,
N-t75n11xx_150,1743094,1677288,0.539428,vnd,first,['insert'],c_and_w,
N-t75n11xx_150,1743094,1081998,0.000161,vnd,best,['transpose'],random,
N-t75n11xx_150,1743094,1295335,0.000176,vnd,best,['transpose'],c_and_w,
N-t75n11xx_150,1743094,1663955,0.323887,vnd,best,['exchange'],random,
N-t75n11xx_150,1743094,1681843,0.183194,vnd,best,['exchange'],c_and_w,
N-t75n11xx_150,1743094,1682985,0.483525,vnd,best,['insert'],random,
N-t75n11xx_150,1743094,1690644,0.627709,vnd,best,['insert'],c_and_w,
N-tiw56n54_150,837945,581970,8.9e-05,vnd,first,['transpose'],random,
N-tiw56n54_150,837945,656991,8.1e-05,vnd,first,['transpose'],c_and_w,
N-tiw56n54_150,837945,815329,1.26783,vnd,first,['exchange'],random,
N-tiw56n54_150,837945,807808,0.938106,vnd,first,['exchange'],c_and_w,
N-tiw56n54_150,837945,804487,0.4688,vnd,first,['insert'],random,
N-tiw56n54_150,837945,804693,0.556542,vnd,first,['insert'],c_and_w,
N-tiw56n54_150,837945,581762,0.000208,vnd,best,['transpose'],random,
N-tiw56n54_150,837945,658549,0.000206,vnd,best,['transpose'],c_and_w,
N-tiw56n54_150,837945,810031,0.336312,vnd,best,['exchange'],random,
N-tiw56n54_150,837945,804682,0.315112,vnd,best,['exchange'],c_and_w,
N-tiw56n54_150,837945,813515,0.620717,vnd,best,['insert'],random,
N-tiw56n54_150,837945,806419,0.567711,vnd,best,['insert'],c_and_w,
N-tiw56n58_150,1155392,725403,0.000101,vnd,first,['transpose'],random,
N-tiw56n58_150,1155392,918533,7.3e-05,vnd,first,['transpose'],c_and_w,
N-tiw56n58_150,1155392,1107920,1.16448,vnd,first,['exchange'],random,
N-tiw56n58_150,1155392,1126914,1.25182,vnd,first,['exchange'],c_and_w,
N-tiw56n58_150,1155392,1120978,0.585513,vnd,first,['insert'],random,
N-tiw56n58_150,1155392,1103670,0.362263,vnd,first,['insert'],c_and_w,
N-tiw56n58_150,1155392,742237,0.000273,vnd,best,['transpose'],random,
N-tiw56n58_150,1155392,916570,0.000175,vnd,best,['transpose'],c_and_w,
N-tiw56n58_150,1155392,1105327,0.307379,vnd,best,['exchange'],random,
N-tiw56n58_150,1155392,1102797,0.263958,vnd,best,['exchange'],c_and_w,
N-tiw56n58_150,1155392,1110063,0.588757,vnd,best,['insert'],random,
N-tiw56n58_150,1155392,1121475,0.286155,vnd,best,['insert'],c_and_w,
N-tiw56n62_150,1626921,1066221,9.5e-05,vnd,first,['transpose'],random,
N-tiw56n62_150,1626921,1277959,7.9e-05,vnd,first,['transpose'],c_and_w,
N-tiw56n62_150,1626921,1582163,1.59596,vnd,first,['exchange'],random,
N-tiw56n62_150,1626921,1582628,1.22712,vnd,first,['exchange'],c_and_w,
N-tiw56n62_150,1626921,1562436,0.563701,vnd,first,['insert'],random,
N-tiw56n62_150,1626921,1557919,0.387855,vnd,first,['insert'],c_and_w,
N-tiw56n62_150,1626921,1061844,0.000211,vnd,best,['transpose'],random,
N-tiw56n62_150,1626921,1276730,0.000225,vnd,best,['transpose'],c_and_w,
N-tiw56n62_150,1626921,1571950,0.341305,vnd,best,['exchange'],random,
N-tiw56n62_150,1626921,1560209,0.290071,vnd,best,['exchange'],c_and_w,
N-tiw56n62_150,1626921,1560574,0.420514,vnd,best,['insert'],random,
N-tiw56n62_150,1626921,1578167,0.614596,vnd,best,['insert'],c_and_w,
N-tiw56n66_150,2107619,1346395,9.6e-05,vnd,first,['transpose'],random,
N-tiw56n66_150,2107619,1641538,9.3e-05,vnd,first,['transpose'],c_and_w,
N-tiw56n66_150,2107619,2029367,1.44046,vnd,first,['exchange'],random,
N-tiw56n66_150,2107619,2059982,1.74482,vnd,first,['exchange'],c_and_w,
N-tiw56n66_150,2107619,2018535,0.453953,vnd,first,['insert'],random,
N-tiw56n66_150,2107619,2015518,0.339707,vnd,first,['insert'],c_and_w,
N-tiw56n66_150,2107619,1366138,0.000222,vnd,best,['transpose'],random,
N-tiw56n66_150,2107619,1661203,0.000204,vnd,best,['transpose'],c_and_w,
N-tiw56n66_150,2107619,2030649,0.238861,vnd,best,['exchange'],random,
N-tiw56n66_150,2107619,2000338,0.285268,vnd,best,['exchange'],c_and_w,
N-tiw56n66_150,2107619,2030995,0.580794,vnd,best,['insert'],random,
N-tiw56n66_150,2107619,2043948,0.587,vnd,best,['insert'],c_and_w,
N-tiw56n67_150,2372926,1597567,5.5e-05,vnd,first,['transpose'],random,
N-tiw56n67_150,2372926,1806196,5.6e-05,vnd,first,['transpose'],c_and_w,
N-tiw56n67_150,2372926,2311390,1.29424,vnd,first,['exchange'],random,
N-tiw56n67_150,2372926,2304579,1.17372,vnd,first,['exchange'],c_and_w,
N-tiw56n67_150,2372926,2293091,0.449118,vnd,first,['insert'],random,
N-tiw56n67_150,2372926,2283280,0.709232,vnd,first,['insert'],c_and_w,
N-tiw56n67_150,2372926,1604879,0.000235,vnd,best,['transpose'],random,
N-tiw56n67_150,2372926,1810412,0.000155,vnd,best,['transpose'],c_and_w,
N-tiw56n67_150,2372926,2288613,0.232751,vnd,best,['exchange'],random,
N-tiw56n67_150,2372926,2283043,0.221985,vnd,best,['exchange'],c_and_w,
N-tiw56n67_150,2372926,2284307,0.532062,vnd,best,['insert'],random,
N-tiw56n67_150,2372926,2289620,0.507811,vnd,best,['insert'],c_and_w,
N-tiw56n72_150,4135907,2511906,6.4e-05,vnd,first,['transpose'],random,
N-tiw56n72_150,4135907,3148064,6e-05,vnd,first,['transpose'],c_and_w,
N-tiw56n72_150,4135907,4016039,1.44158,vnd,first,['exchange'],random,
N-tiw56n72_150,4135907,4040758,1.44266,vnd,first,['exchange'],c_and_w,
N-tiw56n72_150,4135907,3977136,0.473735,vnd,first,['insert'],random,
N-tiw56n72_150,4135907,3949285,0.527292,vnd,first,['insert'],c_and_w,
N-tiw56n72_150,4135907,2505125,0.000188,vnd,best,['transpose'],random,
N-tiw56n72_150,4135907,3157688,0.000206,vnd,best,['transpose'],c_and_w,
N-tiw56n72_150,4135907,3982943,0.304318,vnd,best,['exchange'],random,
N-tiw56n72_150,4135907,4007127,0.312687,vnd,best,['exchange'],c_and_w,
N-tiw56n72_150,4135907,3970476,0.351243,vnd,best,['insert'],random,
N-tiw56n72_150,4135907,4031909,0.588588,vnd,best,['insert'],c_and_w,
N-tiw56r54_150,958192,629595,8.3e-05,vnd,first,['transpose'],random,
N-tiw56r54_150,958192,752225,8.6e-05,vnd,first,['transpose'],c_and_w,
N-tiw56r54_150,958192,930682,1.45881,vnd,first,['exchange'],random,
N-tiw56r54_150,958192,927661,1.10952,vnd,first,['exchange'],c_and_w,
N-tiw56r54_150,958192,919601,0.335309,vnd,first,['insert'],random,
N-tiw56r54_150,958192,919841,0.569153,vnd,first,['insert'],c_and_w,
N-tiw56r54_150,958192,638138,0.000235,vnd,best,['transpose'],random,
N-tiw56r54_150,958192,749549,0.000196,vnd,best,['transpose'],c_and_w,
N-tiw56r54_150,958192,916284,0.309466,vnd,best,['exchange'],random,
N-tiw56r54_150,958192,912983,0.264484,vnd,best,['exchange'],c_and_w,
N-tiw56r54_150,958192,923423,0.633249,vnd,best,['insert'],random,
N-tiw56r54_150,958192,929651,0.465732,vnd,best,['insert'],c_and_w,
N-tiw56r58_150,1219295,806469,8.4e-05,vnd,first,['transpose'],random,
N-tiw56r58_150,1219295,960733,6.9e-05,vnd,first,['transpose'],c_and_w,
N-tiw56r58_150,1219295,1181271,1.58596,vnd,first,['exchange'],random,
N-tiw56r58_150,1219295,1181582,0.921362,vnd,first,['exchange'],c_and_w,
N-tiw56r58_150,1219295,1173337,0.476573,vnd,first,['insert'],random,
N-tiw56r58_150,1219295,1168794,0.616519,vnd,first,['insert'],c_and_w,
N-tiw56r58_150,1219295,820512,0.000155,vnd,best,['transpose'],random,
N-tiw56r58_150,1219295,958618,0.000158,vnd,best,['transpose'],c_and_w,
N-tiw56r58_150,1219295,1171784,0.256728,vnd,best,['exchange'],random,
N-tiw56r58_150,1219295,1163144,0.280869,vnd,best,['exchange'],c_and_w,
N-tiw56r58_150,1219295,1182952,0.502231,vnd,best,['insert'],random,
N-tiw56r58_150,1219295,1173912,0.532857,vnd,best,['insert'],c_and_w,
N-tiw56r66_150,1940755,1250968,0.000103,vnd,first,['transpose'],random,
N-tiw56r66_150,1940755,1512364,9.4e-05,vnd,first,['transpose'],c_and_w,
N-tiw56r66_150,1940755,1866879,1.72593,vnd,first,['exchange'],random,
N-tiw56r66_150,1940755,1875397,1.08807,vnd,first,['exchange'],c_and_w,
N-tiw56r66_150,1940755,1858511,0.443123,vnd,first,['insert'],random,
N-tiw56r66_150,1940755,1843774,0.599278,vnd,first,['insert'],c_and_w,
N-tiw56r66_150,1940755,1252356,0.000257,vnd,best,['transpose'],random,
N-tiw56r66_150,1940755,1510883,0.000218,vnd,best,['transpose'],c_and_w,
N-tiw56r66_150,1940755,1870800,0.325376,vnd,best,['exchange'],random,
N-tiw56r66_150,1940755,1856282,0.362367,vnd,best,['exchange'],c_and_w,
N-tiw56r66_150,1940755,1860110,0.650026,vnd,best,['insert'],random,
N-tiw56r66_150,1940755,1874464,0.369314,vnd,best,['insert'],c_and_w,
N-tiw56r67_150,2056347,1302211,0.000119,vnd,first,['transpose'],random,
N-tiw56r67_150,2056347,1625092,9.4e-05,vnd,first,['transpose'],c_and_w,
N-tiw56r67_150,2056347,1988965,1.37062,vnd,first,['exchange'],random,
N-tiw56r67_150,2056347,2006647,1.33928,vnd,first,['exchange'],c_and_w,
N-tiw56r67_150,2056347,1981191,0.465168,vnd,first,['insert'],random,
N-tiw56r67_150,2056347,1984249,0.399766,vnd,first,['insert'],c_and_w,
N-tiw56r67_150,2056347,1311015,0.000255,vnd,best,['transpose'],random,
N-tiw56r67_150,2056347,1628143,0.000213,vnd,best,['transpose'],c_and_w,
N-tiw56r67_150,2056347,1994607,0.308317,vnd,best,['exchange'],random,
N-tiw56r67_150,2056347,1984725,0.329104,vnd,best,['exchange'],c_and_w,
N-tiw56r67_150,2056347,1983778,0.567256,vnd,best,['insert'],random,
N-tiw56r67_150,2056347,1985495,0.465825,vnd,best,['insert'],c_and_w,
N-tiw56r72_150,2823758,1852847,9e-05,vnd,first,['transpose'],random,
N-tiw56r72_150,2823758,2102579,6.2e-05,vnd,first,['transpose'],c_and_w,
N-tiw56r72_150,2823758,2732312,1.43342,vnd,first,['exchange'],random,
N-tiw56r72_150,2823758,2746658,1.09213,vnd,first,['exchange'],c_and_w,
N-tiw56r72_150,2823758,2693848,0.406795,vnd,first,['insert'],random,
N-tiw56r72_150,2823758,2695620,0.438405,vnd,first,['insert'],c_and_w,
N-tiw56r72_150,2823758,1829372,0.000215,vnd,best,['transpose'],random,
N-tiw56r72_150,2823758,2116726,0.000149,vnd,best,['transpose'],c_and_w,
N-tiw56r72_150,2823758,2710114,0.268223,vnd,best,['exchange'],random,
N-tiw56r72_150,2823758,2713745,0.277804,vnd,best,['exchange'],c_and_w,
N-tiw56r72_150,2823758,2744243,0.588684,vnd,best,['insert'],random,
N-tiw56r72_150,2823758,2734716,0.541603,vnd,best,['insert'],c_and_w,
N-be75eec_250,8893533,5668583,0.000184,vnd,first,['transpose'],random,
N-be75eec_250,8893533,6952930,0.000144,vnd,first,['transpose'],c_and_w,
N-be75eec_250,8893533,8707547,21.7024,vnd,first,['exchange'],random,
N-be75eec_250,8893533,8645013,16.4584,vnd,first,['exchange'],c_and_w,
N-be75eec_250,8893533,8548252,6.29686,vnd,first,['insert'],random,
N-be75eec_250,8893533,8544334,5.36927,vnd,first,['insert'],c_and_w,
N-be75eec_250,8893533,5665677,0.000487,vnd,best,['transpose'],random,
N-be75eec_250,8893533,7024544,0.000484,vnd,best,['transpose'],c_and_w,
N-be75eec_250,8893533,8589659,3.3892,vnd,best,['exchange'],random,
N-be75eec_250,8893533,8594371,2.01985,vnd,best,['exchange'],c_and_w,
N-be75eec_250,8893533,8614600,4.35031,vnd,best,['insert'],random,
N-be75eec_250,8893533,8634830,5.37278,vnd,best,['insert'],c_and_w,
N-be75np_250,17814072,11908894,0.000215,vnd,first,['transpose'],random,
N-be75np_250,17814072,14324503,0.000262,vnd,first,['transpose'],c_and_w,
N-be75np_250,17814072,17401607,24.5843,vnd,first,['exchange'],random,
N-be75np_250,17814072,17358527,21.073,vnd,first,['exchange'],c_and_w,
N-be75np_250,17814072,17120158,7.07888,vnd,first,['insert'],random,
N-be75np_250,17814072,17232439,7.14678,vnd,first,['insert'],c_and_w,
N-be75np_250,17814072,11849453,0.000599,vnd,best,['transpose'],random,
N-be75np_250,17814072,14353365,0.000697,vnd,best,['transpose'],c_and_w,
N-be75np_250,17814072,17120472,3.30292,vnd,best,['exchange'],random,
N-be75np_250,17814072,17254596,3.63906,vnd,best,['exchange'],c_and_w,
N-be75np_250,17814072,17227185,6.8337,vnd,best,['insert'],random,
N-be75np_250,17814072,17273188,3.6848,vnd,best,['insert'],c_and_w,
N-be75oi_250,5910096,2961478,0.00029,vnd,first,['transpose'],random,
N-be75oi_250,5910096,4781458,0.00028,vnd,first,['transpose'],c_and_w,
N-be75oi_250,5910096,5761454,26.6797,vnd,first,['exchange'],random,
N-be75oi_250,5910096,5817185,24.3909,vnd,first,['exchange'],c_and_w,
N-be75oi_250,5910096,5720248,6.50814,vnd,first,['insert'],random,
N-be75oi_250,5910096,5718509,7.03437,vnd,first,['insert'],c_and_w,
N-be75oi_250,5910096,2998148,0.000528,vnd,best,['transpose'],random,
N-be75oi_250,5910096,4783060,0.000542,vnd,best,['transpose'],c_and_w,
N-be75oi_250,5910096,5743334,3.93917,vnd,best,['exchange'],random,
N-be75oi_250,5910096,5745960,3.55025,vnd,best,['exchange'],c_and_w,
N-be75oi_250,5910096,5719423,7.17685,vnd,best,['insert'],random,
N-be75oi_250,5910096,5762777,3.98045,vnd,best,['insert'],c_and_w,
N-be75tot_250,30958609,20410636,0.000317,vnd,first,['transpose'],random,
N-be75tot_250,30958609,24780138,0.000262,vnd,first,['transpose'],c_and_w,
N-be75tot_250,30958609,30351180,29.2883,vnd,first,['exchange'],random,
N-be75tot_250,30958609,30361466,24.7903,vnd,first,['exchange'],c_and_w,
N-be75tot_250,30958609,29478445,6.44345,vnd,first,['insert'],random,
N-be75tot_250,30958609,29934368,5.75575,vnd,first,['insert'],c_and_w,
N-be75tot_250,30958609,20495488,0.000902,vnd,best,['transpose'],random,
N-be75tot_250,30958609,24803973,0.000671,vnd,best,['transpose'],c_and_w,
N-be75tot_250,30958609,29877673,3.94737,vnd,best,['exchange'],random,
N-be75tot_250,30958609,29916617,3.42202,vnd,best,['exchange'],c_and_w,
N-be75tot_250,30958609,29904704,7.89437,vnd,best,['insert'],random,
N-be75tot_250,30958609,29944145,7.582,vnd,best,['insert'],c_and_w,
N-stabu1_250,7742444,4946786,0.000275,vnd,first,['transpose'],random,
N-stabu1_250,7742444,6255780,0.000282,vnd,first,['transpose'],c_and_w,
N-stabu1_250,7742444,7551833,29.5134,vnd,first,['exchange'],random,
N-stabu1_250,7742444,7539079,22.0907,vnd,first,['exchange'],c_and_w,
N-stabu1_250,7742444,7447399,8.97027,vnd,first,['insert'],random,
N-stabu1_250,7742444,7420287,8.21222,vnd,first,['insert'],c_and_w,
N-stabu1_250,7742444,4916437,0.001053,vnd,best,['transpose'],random,
N-stabu1_250,7742444,6256807,0.001332,vnd,best,['transpose'],c_and_w,
N-stabu1_250,7742444,7529820,5.12138,vnd,best,['exchange'],random,
N-stabu1_250,7742444,7547968,4.87505,vnd,best,['exchange'],c_and_w,
N-stabu1_250,7742444,7526024,8.24777,vnd,best,['insert'],random,
N-stabu1_250,7742444,7500092,6.07554,vnd,best,['insert'],c_and_w,
N-stabu2_250,11500448,8062091,0.000216,vnd,first,['transpose'],random,
N-stabu2_250,11500448,9134823,0.00029,vnd,first,['transpose'],c_and_w,
N-stabu2_250,11500448,11173048,25.8033,vnd,first,['exchange'],random,
N-stabu2_250,11500448,11202567,21.1446,vnd,first,['exchange'],c_and_w,
N-stabu2_250,11500448,11026654,6.93607,vnd,first,['insert'],random,
N-stabu2_250,11500448,11024593,9.46832,vnd,first,['insert'],c_and_w,
N-stabu2_250,11500448,8105175,0.000867,vnd,best,['transpose'],random,
N-stabu2_250,11500448,9139139,0.001051,vnd,best,['transpose'],c_and_w,
N-stabu2_250,11500448,11086653,4.14264,vnd,best,['exchange'],random,
N-stabu2_250,11500448,11166937,3.79318,vnd,best,['exchange'],c_and_w,
N-stabu2_250,11500448,11128506,6.7382,vnd,best,['insert'],random,
N-stabu2_250,11500448,11124472,6.97004,vnd,best,['insert'],c_and_w,
N-stabu3_250,11900315,7552108,0.000276,vnd,first,['transpose'],random,
N-stabu3_250,11900315,9369398,0.000338,vnd,first,['transpose'],c_and_w,
N-stabu3_250,11900315,11567513,31.9793,vnd,first,['exchange'],random,
N-stabu3_250,11900315,11642211,24.9706,vnd,first,['exchange'],c_and_w,
N-stabu3_250,11900315,11438830,8.32341,vnd,first,['insert'],random,
N-stabu3_250,11900315,11435487,11.786,vnd,first,['insert'],c_and_w,
N-stabu3_250,11900315,7592894,0.000675,vnd,best,['transpose'],random,
N-stabu3_250,11900315,9393687,0.001004,vnd,best,['transpose'],c_and_w,
N-stabu3_250,11900315,11549906,4.54074,vnd,best,['exchange'],random,
N-stabu3_250,11900315,11513537,4.08822,vnd,best,['exchange'],c_and_w,
N-stabu3_250,11900315,11524336,9.19136,vnd,best,['insert'],random,
N-stabu3_250,11900315,11567740,6.50156,vnd,best,['insert'],c_and_w,
N-t59b11xx_250,8411910,5595430,0.000166,vnd,first,['transpose'],random,
N-t59b11xx_250,8411910,6661145,0.000177,vnd,first,['transpose'],c_and_w,
N-t59b11xx_250,8411910,8156485,17.3714,vnd,first,['exchange'],random,
N-t59b11xx_250,8411910,8191310,17.986,vnd,first,['exchange'],c_and_w,
N-t59b11xx_250,8411910,8046715,6.63678,vnd,first,['insert'],random,
N-t59b11xx_250,8411910,8035585,7.35831,vnd,first,['insert'],c_and_w,
N-t59b11xx_250,8411910,5598585,0.000403,vnd,best,['transpose'],random,
N-t59b11xx_250,8411910,6661485,0.000544,vnd,best,['transpose'],c_and_w,
N-t59b11xx_250,8411910,8109395,4.38688,vnd,best,['exchange'],random,
N-t59b11xx_250,8411910,8045505,3.02357,vnd,best,['exchange'],c_and_w,
N-t59b11xx_250,8411910,8059435,7.22742,vnd,best,['insert'],random,
N-t59b11xx_250,8411910,8142820,5.50962,vnd,best,['insert'],c_and_w,
N-t59d11xx_250,3841167,2680831,0.000189,vnd,first,['transpose'],random,
N-t59d11xx_250,3841167,3107099,0.000244,vnd,first,['transpose'],c_and_w,
N-t59d11xx_250,3841167,3749417,19.7294,vnd,first,['exchange'],random,
N-t59d11xx_250,3841167,3728254,17.4347,vnd,first,['exchange'],c_and_w,
N-t59d11xx_250,3841167,3707355,8.3033,vnd,first,['insert'],random,
N-t59d11xx_250,3841167,3726577,6.56207,vnd,first,['insert'],c_and_w,
N-t59d11xx_250,3841167,2689453,0.000391,vnd,best,['transpose'],random,
N-t59d11xx_250,3841167,3108430,0.000913,vnd,best,['transpose'],c_and_w,
N-t59d11xx_250,3841167,3714911,3.50122,vnd,best,['exchange'],random,
N-t59d11xx_250,3841167,3694485,3.54508,vnd,best,['exchange'],c_and_w,
N-t59d11xx_250,3841167,3719307,7.81126,vnd,best,['insert'],random,
N-t59d11xx_250,3841167,3709098,8.01886,vnd,best,['insert'],c_and_w,
N-t59f11xx_250,3993006,2818775,0.00023,vnd,first,['transpose'],random,
N-t59f11xx_250,3993006,3098583,0.000222,vnd,first,['transpose'],c_and_w,
N-t59f11xx_250,3993006,3867492,20.309,vnd,first,['exchange'],random,
N-t59f11xx_250,3993006,3885614,17.6308,vnd,first,['exchange'],c_and_w,
N-t59f11xx_250,3993006,3813799,5.43282,vnd,first,['insert'],random,
N-t59f11xx_250,3993006,3826947,5.15817,vnd,first,['insert'],c_and_w,
N-t59f11xx_250,3993006,2823847,0.000718,vnd,best,['transpose'],random,
N-t59f11xx_250,3993006,3104117,0.000705,vnd,best,['transpose'],c_and_w,
N-t59f11xx_250,3993006,3858154,3.71473,vnd,best,['exchange'],random,
N-t59f11xx_250,3993006,3841015,3.53758,vnd,best,['exchange'],c_and_w,
N-t59f11xx_250,3993006,3876882,8.92101,vnd,best,['insert'],random,
N-t59f11xx_250,3993006,3856253,6.74827,vnd,best,['insert'],c_and_w,
N-t59n11xx_250,825608,559441,0.000217,vnd,first,['transpose'],random,
N-t59n11xx_250,825608,639991,0.000194,vnd,first,['transpose'],c_and_w,
N-t59n11xx_250,825608,804222,21.9252,vnd,first,['exchange'],random,
N-t59n11xx_250,825608,802985,18.9461,vnd,first,['exchange'],c_and_w,
N-t59n11xx_250,825608,795187,6.02633,vnd,first,['insert'],random,
N-t59n11xx_250,825608,786367,6.50745,vnd,first,['insert'],c_and_w,
N-t59n11xx_250,825608,559932,0.000478,vnd,best,['transpose'],random,
N-t59n11xx_250,825608,640394,0.000481,vnd,best,['transpose'],c_and_w,
N-t59n11xx_250,825608,790131,3.52734,vnd,best,['exchange'],random,
N-t59n11xx_250,825608,793869,3.53038,vnd,best,['exchange'],c_and_w,
N-t59n11xx_250,825608,793660,6.37574,vnd,best,['insert'],random,
N-t59n11xx_250,825608,800221,7.62825,vnd,best,['insert'],c_and_w,
N-t65b11xx_250,17273996,11022347,0.00028,vnd,first,['transpose'],random,
N-t65b11xx_250,17273996,13824141,0.000273,vnd,first,['transpose'],c_and_w,
N-t65b11xx_250,17273996,16760124,25.4355,vnd,first,['exchange'],random,
N-t65b11xx_250,17273996,16757223,22.6094,vnd,first,['exchange'],c_and_w,
N-t65b11xx_250,17273996,16596889,6.82123,vnd,first,['insert'],random,
N-t65b11xx_250,17273996,16566241,7.24785,vnd,first,['insert'],c_and_w,
N-t65b11xx_250,17273996,11137635,0.000728,vnd,best,['transpose'],random,
N-t65b11xx_250,17273996,13811545,0.000742,vnd,best,['transpose'],c_and_w,
N-t65b11xx_250,17273996,16567664,4.05439,vnd,best,['exchange'],random,
N-t65b11xx_250,17273996,16661719,3.51096,vnd,best,['exchange'],c_and_w,
N-t65b11xx_250,17273996,16627322,7.37426,vnd,best,['insert'],random,
N-t65b11xx_250,17273996,16750373,6.1873,vnd,best,['insert'],c_and_w,
N-t65d11xx_250,9351696,6358993,0.000254,vnd,first,['transpose'],random,
N-t65d11xx_250,9351696,7435794,0.000282,vnd,first,['transpose'],c_and_w,
N-t65d11xx_250,9351696,9075505,22.3117,vnd,first,['exchange'],random,
N-t65d11xx_250,9351696,9097313,22.0637,vnd,first,['exchange'],c_and_w,
N-t65d11xx_250,9351696,9002461,7.91615,vnd,first,['insert'],random,
N-t65d11xx_250,9351696,8997671,7.40898,vnd,first,['insert'],c_and_w,
N-t65d11xx_250,9351696,6318920,0.000716,vnd,best,['transpose'],random,
N-t65d11xx_250,9351696,7447570,0.000785,vnd,best,['transpose'],c_and_w,
N-t65d11xx_250,9351696,8968092,4.01945,vnd,best,['exchange'],random,
N-t65d11xx_250,9351696,8968810,3.72768,vnd,best,['exchange'],c_and_w,
N-t65d11xx_250,9351696,9026022,7.90623,vnd,best,['insert'],random,
N-t65d11xx_250,9351696,9090917,6.81609,vnd,best,['insert'],c_and_w,
N-t65f11xx_250,8409567,5798758,0.000385,vnd,first,['transpose'],random,
N-t65f11xx_250,8409567,6573665,0.000319,vnd,first,['transpose'],c_and_w,
N-t65f11xx_250,8409567,8149745,24.6715,vnd,first,['exchange'],random,
N-t65f11xx_250,8409567,8201409,21.0017,vnd,first,['exchange'],c_and_w,
N-t65f11xx_250,8409567,8122004,5.6839,vnd,first,['insert'],random,
N-t65f11xx_250,8409567,8044117,7.85011,vnd,first,['insert'],c_and_w,
N-t65f11xx_250,8409567,5811186,0.001035,vnd,best,['transpose'],random,
N-t65f11xx_250,8409567,6583487,0.000858,vnd,best,['transpose'],c_and_w,
N-t65f11xx_250,8409567,8104673,4.46938,vnd,best,['exchange'],random,
N-t65f11xx_250,8409567,8141053,4.33153,vnd,best,['exchange'],c_and_w,
N-t65f11xx_250,8409567,8070978,7.56682,vnd,best,['insert'],random,
N-t65f11xx_250,8409567,8148859,5.74545,vnd,best,['insert'],c_and_w,
N-t65l11xx_250,666254,398288,8.5e-05,vnd,first,['transpose'],random,
N-t65l11xx_250,666254,522793,0.000107,vnd,first,['transpose'],c_and_w,
N-t65l11xx_250,666254,652205,19.8933,vnd,first,['exchange'],random,
N-t65l11xx_250,666254,648123,14.2644,vnd,first,['exchange'],c_and_w,
N-t65l11xx_250,666254,640095,4.27696,vnd,first,['insert'],random,
N-t65l11xx_250,666254,642452,4.05205,vnd,first,['insert'],c_and_w,
N-t65l11xx_250,666254,398860,0.000276,vnd,best,['transpose'],random,
N-t65l11xx_250,666254,525637,0.000284,vnd,best,['transpose'],c_and_w,
N-t65l11xx_250,666254,642843,3.37891,vnd,best,['exchange'],random,
N-t65l11xx_250,666254,645598,3.57924,vnd,best,['exchange'],c_and_w,
N-t65l11xx_250,666254,641728,6.2343,vnd,best,['insert'],random,
N-t65l11xx_250,666254,646648,5.70041,vnd,best,['insert'],c_and_w,
N-t65n11xx_250,1429362,954437,0.000248,vnd,first,['transpose'],random,
N-t65n11xx_250,1429362,1101958,0.000278,vnd,first,['transpose'],c_and_w,
N-t65n11xx_250,1429362,1390315,23.4004,vnd,first,['exchange'],random,
N-t65n11xx_250,1429362,1385906,19.9543,vnd,first,['exchange'],c_and_w,
N-t65n11xx_250,1429362,1361695,5.43036,vnd,first,['insert'],random,
N-t65n11xx_250,1429362,1384002,7.09176,vnd,first,['insert'],c_and_w,
N-t65n11xx_250,1429362,956733,0.000633,vnd,best,['transpose'],random,
N-t65n11xx_250,1429362,1103824,0.000643,vnd,best,['transpose'],c_and_w,
N-t65n11xx_250,1429362,1373112,4.12477,vnd,best,['exchange'],random,
N-t65n11xx_250,1429362,1367284,1.848,vnd,best,['exchange'],c_and_w,
N-t65n11xx_250,1429362,1379922,7.44267,vnd,best,['insert'],random,
N-t65n11xx_250,1429362,1383623,6.92694,vnd,best,['insert'],c_and_w,
N-t69r11xx_250,31815927,21302179,0.00026,vnd,first,['transpose'],random,
N-t69r11xx_250,31815927,24479680,0.00023,vnd,first,['transpose'],c_and_w,
N-t69r11xx_250,31815927,30982032,21.9359,vnd,first,['exchange'],random,
N-t69r11xx_250,31815927,31037764,23.353,vnd,first,['exchange'],c_and_w,
N-t69r11xx_250,31815927,30406229,7.07031,vnd,first,['insert'],random,
N-t69r11xx_250,31815927,30758692,8.24086,vnd,first,['insert'],c_and_w,
N-t69r11xx_250,31815927,21299633,0.000686,vnd,best,['transpose'],random,
N-t69r11xx_250,31815927,24476016,0.000619,vnd,best,['transpose'],c_and_w,
N-t69r11xx_250,31815927,30474224,4.23372,vnd,best,['exchange'],random,
N-t69r11xx_250,31815927,30822623,4.3776,vnd,best,['exchange'],c_and_w,
N-t69r11xx_250,31815927,30541170,8.10661,vnd,best,['insert'],random,
N-t69r11xx_250,31815927,30719922,6.71997,vnd,best,['insert'],c_and_w,
N-t70b11xx_250,25403045,16973729,0.000308,vnd,first,['transpose'],random,
N-t70b11xx_250,25403045,20006267,0.000278,vnd,first,['transpose'],c_and_w,
N-t70b11xx_250,25403045,24607212,23.2809,vnd,first,['exchange'],random,
N-t70b11xx_250,25403045,24706544,23.7081,vnd,first,['exchange'],c_and_w,
N-t70b11xx_250,25403045,24386775,7.01867,vnd,first,['insert'],random,
N-t70b11xx_250,25403045,24251870,8.53,vnd,first,['insert'],c_and_w,
N-t70b11xx_250,25403045,17011333,0.00076,vnd,best,['transpose'],random,
N-t70b11xx_250,25403045,20033654,0.000754,vnd,best,['transpose'],c_and_w,
N-t70b11xx_250,25403045,24549727,4.04475,vnd,best,['exchange'],random,
N-t70b11xx_250,25403045,24369272,2.71426,vnd,best,['exchange'],c_and_w,
N-t70b11xx_250,25403045,24355767,8.31297,vnd,best,['insert'],random,
N-t70b11xx_250,25403045,24555889,5.45564,vnd,best,['insert'],c_and_w,
N-t70d11xn_250,15207063,10652133,0.00043,vnd,first,['transpose'],random,
N-t70d11xn_250,15207063,12270208,0.000389,vnd,first,['transpose'],c_and_w,
N-t70d11xn_250,15207063,14702964,26.0006,vnd,first,['exchange'],random,
N-t70d11xn_250,15207063,14802096,19.6514,vnd,first,['exchange'],c_and_w,
N-t70d11xn_250,15207063,14505394,9.49312,vnd,first,['insert'],random,
N-t70d11xn_250,15207063,14604111,8.01066,vnd,first,['insert'],c_and_w,
N-t70d11xn_250,15207063,10695095,0.001117,vnd,best,['transpose'],random,
N-t70d11xn_250,15207063,12311525,0.000991,vnd,best,['transpose'],c_and_w,
N-t70d11xn_250,15207063,14630692,4.68246,vnd,best,['exchange'],random,
N-t70d11xn_250,15207063,14680683,4.30754,vnd,best,['exchange'],c_and_w,
N-t70d11xn_250,15207063,14784106,9.35553,vnd,best,['insert'],random,
N-t70d11xn_250,15207063,14743072,5.87242,vnd,best,['insert'],c_and_w,
N-t70d11xx_250,16040574,11072864,0.000323,vnd,first,['transpose'],random,
N-t70d11xx_250,16040574,12897061,0.000279,vnd,first,['transpose'],c_and_w,
N-t70d11xx_250,16040574,15546031,25.4547,vnd,first,['exchange'],random,
N-t70d11xx_250,16040574,15592274,24.8469,vnd,first,['exchange'],c_and_w,
N-t70d11xx_250,16040574,15444172,10.5183,vnd,first,['insert'],random,
N-t70d11xx_250,16040574,15422850,8.97157,vnd,first,['insert'],c_and_w,
N-t70d11xx_250,16040574,11066730,0.000628,vnd,best,['transpose'],random,
N-t70d11xx_250,16040574,12816350,0.000846,vnd,best,['transpose'],c_and_w,
N-t70d11xx_250,16040574,15410487,3.94014,vnd,best,['exchange'],random,
N-t70d11xx_250,16040574,15483777,4.37982,vnd,best,['exchange'],c_and_w,
N-t70d11xx_250,16040574,15510364,7.37143,vnd,best,['insert'],random,
N-t70d11xx_250,16040574,15544153,7.51889,vnd,best,['insert'],c_and_w,
N-t70f11xx_250,13586135,9498122,0.000351,vnd,first,['transpose'],random,
N-t70f11xx_250,13586135,10662331,0.000283,vnd,first,['transpose'],c_and_w,
N-t70f11xx_250,13586135,13162843,17.3232,vnd,first,['exchange'],random,
N-t70f11xx_250,13586135,13245075,21.7888,vnd,first,['exchange'],c_and_w,
N-t70f11xx_250,13586135,13112308,7.46525,vnd,first,['insert'],random,
N-t70f11xx_250,13586135,13024640,6.94428,vnd,first,['insert'],c_and_w,
N-t70f11xx_250,13586135,9507997,0.000762,vnd,best,['transpose'],random,
N-t70f11xx_250,13586135,10636721,0.000813,vnd,best,['transpose'],c_and_w,
N-t70f11xx_250,13586135,13023711,2.27127,vnd,best,['exchange'],random,
N-t70f11xx_250,13586135,12983472,2.86,vnd,best,['exchange'],c_and_w,
N-t70f11xx_250,13586135,13064742,7.11864,vnd,best,['insert'],random,
N-t70f11xx_250,13586135,13109176,3.76635,vnd,best,['insert'],c_and_w,
N-t70l11xx_250,1113128,673879,0.000109,vnd,first,['transpose'],random,
N-t70l11xx_250,1113128,811311,9.1e-05,vnd,first,['transpose'],c_and_w,
N-t70l11xx_250,1113128,1087354,22.13,vnd,first,['exchange'],random,
N-t70l11xx_250,1113128,1090465,20.1241,vnd,first,['exchange'],c_and_w,
N-t70l11xx_250,1113128,1067806,6.07101,vnd,first,['insert'],random,
N-t70l11xx_250,1113128,1062957,2.82859,vnd,first,['insert'],c_and_w,
N-t70l11xx_250,1113128,673716,0.000293,vnd,best,['transpose'],random,
N-t70l11xx_250,1113128,810428,0.000261,vnd,best,['transpose'],c_and_w,
N-t70l11xx_250,1113128,1074060,3.80494,vnd,best,['exchange'],random,
N-t70l11xx_250,1113128,1084689,3.69364,vnd,best,['exchange'],c_and_w,
N-t70l11xx_250,1113128,1077542,4.69709,vnd,best,['insert'],random,
N-t70l11xx_250,1113128,1073033,6.42727,vnd,best,['insert'],c_and_w,
N-t70n11xx_250,2444390,1659219,0.000311,vnd,first,['transpose'],random,
N-t70n11xx_250,2444390,1889297,0.000261,vnd,first,['transpose'],c_and_w,
